Textbox5,Textbox1
"Tuesday, August 18, 2026",9:02:22 AM

Name,Textbox58
Yang Ning (Albian),(587) 941-1811

Textbox33,Textbox141,Textbox142,Textbox276,Textbox547,Textbox548,Textbox549,Textbox550,Textbox193,Textbox194,Textbox7,Textbox543,Textbox436,Textbox437,TonsgradeHour3,Textbox438,Hour14,Textbox439,Hour23,Hour00,Textbox154,Textbox156,Textbox158,Hour111,B1,Textbox958,Textbox959,Textbox976,Textbox989,Textbox990,Textbox991,Textbox1003,Textbox1013,Textbox1014,PercBlockHour4,Textbox1030,Textbox1039,Textbox1040,Textbox1042,Textbox1057
07:00 to 08:00,08:00 to 09:00,09:00 to 10:00,S010,31.1%,"3,435",35.4%,"3,491",0%,0,31.9%,"10,335",JPM-250E-22,0%,0,3.7%,362,0%,0,362,"11,043","9,869",0,"32,422",11.8,11.9,NaN,11.8,8.1,8.0,NaN,8.0,265,269,NaN,266,66.8,64.0,NaN,66.6
07:00 to 08:00,08:00 to 09:00,09:00 to 10:00,S010,31.1%,"3,435",35.4%,"3,491",0%,0,31.9%,"10,335",JPM-250E-26,11.8%,1305,10.8%,"1,064",0%,0,"2,675","11,043","9,869",0,"32,422",11.8,11.9,NaN,11.8,8.1,8.0,NaN,8.0,265,269,NaN,266,66.8,64.0,NaN,66.6
07:00 to 08:00,08:00 to 09:00,09:00 to 10:00,S010,31.1%,"3,435",35.4%,"3,491",0%,0,31.9%,"10,335",JPM-250E-27,13.1%,1443.5,0%,0,0%,0,"4,547","11,043","9,869",0,"32,422",11.8,11.9,NaN,11.8,8.1,8.0,NaN,8.0,265,269,NaN,266,66.8,64.0,NaN,66.6
07:00 to 08:00,08:00 to 09:00,09:00 to 10:00,S010,31.1%,"3,435",35.4%,"3,491",0%,0,31.9%,"10,335",JPM-250E-33,6.2%,686.1,20.9%,"2,064",0%,0,"2,750","11,043","9,869",0,"32,422",11.8,11.9,NaN,11.8,8.1,8.0,NaN,8.0,265,269,NaN,266,66.8,64.0,NaN,66.6
07:00 to 08:00,08:00 to 09:00,09:00 to 10:00,S016,28.8%,"3,179",26.4%,"2,605",0%,0,31.1%,"10,091",JPM-251E-120,28.8%,3179.4,26.4%,"2,605",0%,0,"10,091","11,043","9,869",0,"32,422",11.8,11.9,NaN,11.8,8.1,8.0,NaN,8.0,265,269,NaN,266,66.8,64.0,NaN,66.6
07:00 to 08:00,08:00 to 09:00,09:00 to 10:00,S2504,3.5%,389,10.4%,"1,028",0%,0,4.4%,"1,417",ST_CR_LIVEPILE-ORE,3.5%,388.5,10.4%,"1,028",0%,0,"1,417","11,043","9,869",0,"32,422",11.8,11.9,NaN,11.8,8.1,8.0,NaN,8.0,265,269,NaN,266,66.8,64.0,NaN,66.6
07:00 to 08:00,08:00 to 09:00,09:00 to 10:00,S2922,3.9%,432,1.2%,115,0%,0,1.7%,547,PRJ-CLN-REJ-2922-REJECTS,3.9%,432,1.2%,115,0%,0,547,"11,043","9,869",0,"32,422",11.8,11.9,NaN,11.8,8.1,8.0,NaN,8.0,265,269,NaN,266,66.8,64.0,NaN,66.6
07:00 to 08:00,08:00 to 09:00,09:00 to 10:00,S2923,6.4%,702,3.9%,387,0%,0,4.1%,"1,319",REJ_JPM-REJECTS,6.4%,702.3,3.9%,387,0%,0,"1,319","11,043","9,869",0,"32,422",11.8,11.9,NaN,11.8,8.1,8.0,NaN,8.0,265,269,NaN,266,66.8,64.0,NaN,66.6
07:00 to 08:00,08:00 to 09:00,09:00 to 10:00,S809,26.3%,"2,906",22.7%,"2,243",0%,0,26.9%,"8,714",JPM-248E-16,19.6%,2169.5,11.6%,"1,146",0%,0,"3,316","11,043","9,869",0,"32,422",11.8,11.9,NaN,11.8,8.1,8.0,NaN,8.0,265,269,NaN,266,66.8,64.0,NaN,66.6
07:00 to 08:00,08:00 to 09:00,09:00 to 10:00,S809,26.3%,"2,906",22.7%,"2,243",0%,0,26.9%,"8,714",JPM-248E-22,6.7%,736.2,11.1%,"1,096",0%,0,"5,398","11,043","9,869",0,"32,422",11.8,11.9,NaN,11.8,8.1,8.0,NaN,8.0,265,269,NaN,266,66.8,64.0,NaN,66.6

Textbox30,Textbox39,Textbox35,Textbox40,Textbox38,Textbox41
"33,279","131,654","3,755","14,856","37,035","146,511"

Textbox164,Textbox43
"32,422",1.0

Fieldid4,Lastexcav3
T102,S007
T134,S016
T137,S016
T139,S809
T141,S010
T144,S809
T147,S010
T149,S016
T150,S016
T152,S809
T154,S007
T156,S016
T158,S010
T161,S010
T165,S010
T168,S010
T169,S010
T170,S009
T171,S010
T458,S2923
T459,S2504
T461,S2923
T462,S2922
T463,S2923
T474,S2923

Fieldid5,Lastexcav4
T102,S007
T134,S016
T137,S016
T139,S809
T141,S010
T144,S809
T147,S010
T149,S016
T150,S016
T152,S809
T154,S007
T156,S016
T158,S010
T161,S010
T165,S010
T168,S010
T169,S010
T170,S009
T171,S010
T458,S2923
T459,S2504
T461,S2923
T462,S2922
T463,S2923
T474,S2923

FieldID,Description,LastGPSUpdate
D4017,Ready,8/18/2026 5:06:52 AM
D556,Ready,8/10/2026 2:10:56 AM
G781,Ready,12/20/2025 2:59:46 PM

ShovelGroup,Fieldid3,Status3,load3,Textbox382,Operator3,Textbox80,Textbox17,Textbox553,Textbox565,Textbox18,Textbox544,Textbox21
Cable Electric,"S007
BE 495B2","Ready
GENERAL READY
3.4 Hour(s)","JPM-266E--DW
Bit:0.00 Fines: 0.00 D50:0.0","JPM-J266-AUG14
Elev: 259.9 Target: 259.4
0.5 (High)",ALLAIN PAUL,"797's: 332.5
","797's: 363.0
",Cable Electric Totals:,"797's: 348.0
","797's: 339.7
","797's: 351.9
785's: 128.8
","797's: 345.1
785's: 115.3
"
Cable Electric,"S008
BE 495B2","Standby
LONG SHOVEL MOVE
1.2 Hour(s)","JPM-243E-37
Bit:12.32 Fines: 8.47 D50:300.4","-
Elev: 0.0 Target: 0.0
0.0",CARROLL MATTHEW,,,Cable Electric Totals:,"797's: 348.0
","797's: 339.7
","797's: 351.9
785's: 128.8
","797's: 345.1
785's: 115.3
"
Cable Electric,"S010
BE 495B2","Ready
GENERAL READY
19 Minute(s)","JPM-250E-26
Bit:13.53 Fines: 4.07 D50:280.0","JPM-J250-JUL21
Elev: 248.5 Target: 249.0
-0.5 (Low)",STOYLES KEVIN,"797's: 340.2
","797's: 323.0
",Cable Electric Totals:,"797's: 348.0
","797's: 339.7
","797's: 351.9
785's: 128.8
","797's: 345.1
785's: 115.3
"
Cable Electric,"S016
BE 495B2","Ready
GENERAL READY
2.3 Hour(s)","JPM-251E-120
Bit:10.97 Fines: 8.53 D50:265.4","JPM-J251-JUN24
Elev: 252.7 Target: 252.4
0.3 (High)",PARDY MICHAEL,"797's: 363.8
","797's: 354.9
",Cable Electric Totals:,"797's: 348.0
","797's: 339.7
","797's: 351.9
785's: 128.8
","797's: 345.1
785's: 115.3
"
Hydraulic,"S2504
HIT 2500","Ready
GENERAL READY
1.0 Hour(s)","ST_CR_LIVEPILE-ORE
Bit:11.85 Fines: 12.09 D50:260.7","JPM-STKPL-LIVEPILE
Elev: 269.3 Target: 269.0
0.3 (High)",LOCKHART ROBERT,"785's: 128.8
","785's: 115.3
",Hydraulic Totals:,"797's: 364.5
785's: 128.8
","797's: 356.2
785's: 115.3
","797's: 351.9
785's: 128.8
","797's: 345.1
785's: 115.3
"
Hydraulic,"S809
HIT 8000","Delay
 FUEL&LUBE-HYD SHVL
23 Minute(s)","JPM-248E-22
Bit:10.82 Fines: 11.34 D50:250.7","JPM-J248-JUL09
Elev: 249.1 Target: 248.0
1.1 (High)",HUMPHRIES COREY,"797's: 364.5
","797's: 356.2
",Hydraulic Totals:,"797's: 364.5
785's: 128.8
","797's: 356.2
785's: 115.3
","797's: 351.9
785's: 128.8
","797's: 345.1
785's: 115.3
"

Shovel,GradeGPS,MTGPS,GradeOPER,MTOPER,Category,Minutes,LoadCount
S007,JPM-266E-0,Ore,JPM-266E--DW,DumpWaste,Ore to Waste,4.6,1
S2504,,,ST_CR_LIVEPILE-ORE,Ore,No GPS Grade,6.6,1

textbox2,textbox10,textbox14,textbox5,textbox11,NextLocation,MinsRemain,NextShovelAssignment,Projection,textbox15,FieldFueltank,RemainFuelPercent
#Error,#Error,#Error,T102,Ready,DU_DUMP4W_SLOP,1.8,S007,No,#Error,5110,21.93%
#Error,#Error,#Error,T137,Ready,CR1_JPM,2.8,,No,#Error,3866,22.14%
#Error,#Error,#Error,T165,Delay,LUBELAND_2_JPM,3.6,,No,#Error,5110,22.54%
#Error,#Error,#Error,T139,Ready,JPM-250-S010,912.7,S010,Yes,#Error,5110,39.36%
#Error,#Error,#Error,T147,Ready,CR1_JPM,3.0,,No,#Error,3785,41.18%
#Error,#Error,#Error,T168,Ready,JPM-266-S007,912.7,S007,Yes,#Error,3785,45.26%
#Error,#Error,#Error,T134,Ready,JPM-248-S809,2.1,S809,Yes,#Error,3866,53.42%
#Error,#Error,#Error,T158,Ready,JPM-251-S016,1.2,S016,No,#Error,5110,58.92%
#Error,#Error,#Error,T474,Ready,REJ_JPM,912.7,S2923,Yes,#Error,2498,61.81%
#Error,#Error,#Error,T463,Ready,CR1_JPM,2.0,S2923,No,#Error,2498,62.85%

Truck3,NextLocation3,Category1,Reason,MinsRemain1,NextShovelAssignment2
T165,LUBELAND_2_JPM,Arrived,FUEL&LUBE,3.6,

Truck2,FieldFueltank1,Textbox163,Hour
T149,"3,785",63.2%,10
T144,"3,785",100.0%,1
T171,"3,785",97.3%,1

unit,Material,textbox19,mins,operator,NextLocation1,NextShovelAssignment1,Projection1
T165,Empty,FUEL&LUBE,3.6,SCHAAF WILLIAM FMG,LUBELAND_2_JPM,,No

ArriveType,Shovel1,Textbox118,SecondsEarly,QueueTime,SpotTime,LoadingTime
MANUAL EARLY,S010,1,13,192,74,289
No GPS,S007,6,0,0,33,137
No GPS,S010,26,0,113,67,231
No GPS,S016,27,0,81,73,193
No GPS,S809,20,0,99,74,245

PrevDumpLocation,LoadLocation,ActualEmptyDistance,Count1,LocationFrom,LocationTo,Direction

FieldId3,CurrentLocation3,StartElevation,EndElevation,FieldXloc2

FieldId,CurrentLocation,Dist,beaconsize,Textbox48,Textbox51
S007,JPM-266-S007,31.2,50,Yes,90.9%
S010,JPM-250-S010,58.2,100,Yes,79.4%
S016,JPM-251-S016,58.0,69,Yes,70.0%
S2504,ST_CR_LIVEPILE,34.4,0,Yes,NaN

DumpLoc,Dist2,Beaconsize2,AutoArriveOn2,ManualArrive2,NOGPS2,AutoArrive2,TotalArrive2
CR1_JPM,24,Polygon,Yes,24,0,80,76.9%
DU_DUMP4W_SLOP,76,Polygon,Yes,0,8,1,11.1%
DU_REJECTS_RMP,330,Circular Beacon 38 m,Yes,0,6,0,0.0%

TruckOperatorName,AutoArrive,ManualNoGPS,ManualEarly,Textbox103,Textbox99,Textbox100,Textbox101,Textbox104

Truck,WrongArrival,ExpectedArrival,Count

ArriveType2,Textbox136,SecondsEarly2,QueueTime2,SpotTime2,LoadingTime2
AUTOARRIVE,6,0,17,60,186
MANUAL EARLY,1,13,192,74,289
No GPS,79,0,90,68,214

