Dtl_ShiftID,Dtl_TIMESTAMP,Dtl_Truck,Dtl_messagebody,Dtl_FromLocationType,Dtl_FromLocation,Dtl_ToLocationType,Dtl_ToLocation,Dtl_AssignType
260810002,8/11/2026 1:30:48 AM,7,T105,Workshop,SHACK,Workshop,LUBELAND_MRM,System Fuel Assignment
260810002,8/10/2026 9:26:05 PM,3,T108,Crusher,CR2_MRM,Workshop,LUBELAND_MRM,System Fuel Assignment
260810002,8/10/2026 8:16:52 PM,2,T116,Dump,DU_LWR_CADILLAC_518,Workshop,LUBELAND_MRM,System Fuel Assignment
260810002,8/11/2026 1:34:30 AM,7,T134,Shiftchange,JPM_COFESHK_JPM,Workshop,LUBELAND_2_JPM,System Fuel Assignment
260810002,8/10/2026 8:58:18 PM,2,T139,Crusher,CR1_JPM,Workshop,LUBELAND_2_JPM,System Fuel Assignment
260810002,8/10/2026 8:36:55 PM,2,T141,Shiftchange,JPM_COFESHK_JPM,Workshop,LUBELAND_2_JPM,System Fuel Assignment
260810002,8/11/2026 2:04:33 AM,8,T454,Shovel,S2922,Workshop,LUBELAND_2_JPM,System Fuel Assignment
260810002,8/10/2026 9:38:40 PM,3,T459,Crusher,CR1_JPM,Workshop,LUBELAND_2_JPM,System Fuel Assignment
260810002,8/11/2026 2:23:51 AM,8,T474,Crusher,CR1_JPM,Workshop,LUBELAND_2_JPM,System Fuel Assignment
260810002,8/11/2026 12:05:41 AM,6,T101,,,Workshop,LUBELAND_MRM,Dispatcher Fuel Assignment
260810002,8/11/2026 12:30:18 AM,6,T102,,,Workshop,LUBELAND_MRM,Dispatcher Fuel Assignment
260810002,8/11/2026 1:36:48 AM,7,T107,,,Workshop,LUBELAND_MRM,Dispatcher Fuel Assignment
260810002,8/10/2026 11:14:53 PM,5,T109,,,Workshop,LUBELAND_MRM,Dispatcher Fuel Assignment
260810002,8/11/2026 12:15:46 AM,6,T110,,,Workshop,LUBELAND_MRM,Dispatcher Fuel Assignment
260810002,8/11/2026 1:57:53 AM,7,T113,,,Workshop,LUBELAND_MRM,Dispatcher Fuel Assignment
260810002,8/10/2026 11:26:34 PM,5,T119,,,Workshop,LUBELAND_MRM,Dispatcher Fuel Assignment
260810002,8/11/2026 1:13:22 AM,7,T120,,,Workshop,LUBELAND_MRM,Dispatcher Fuel Assignment
260810002,8/11/2026 1:42:43 AM,7,T120,,,Workshop,LUBELAND_MRM,Dispatcher Fuel Assignment
260810002,8/11/2026 1:07:14 AM,7,T121,,,Workshop,LUBELAND_MRM,Dispatcher Fuel Assignment
260810002,8/10/2026 10:10:10 PM,4,T122,,,Workshop,LUBELAND_MRM,Dispatcher Fuel Assignment
260810002,8/11/2026 12:27:28 AM,6,T123,,,Workshop,LUBELAND_MRM,Dispatcher Fuel Assignment
260810002,8/11/2026 2:19:10 AM,8,T126,,,Workshop,LUBELAND_MRM,Dispatcher Fuel Assignment
260810002,8/10/2026 7:11:50 PM,1,T103,,,Workshop,LUBELAND_MRM,Dispatcher Fuel Assignment
260810002,8/10/2026 7:23:13 PM,1,T106,,,Workshop,LUBELAND_MRM,Dispatcher Fuel Assignment
260810002,8/10/2026 7:25:15 PM,1,T106,,,Workshop,LUBELAND_MRM,Dispatcher Fuel Assignment
260810002,8/10/2026 8:54:00 PM,2,T112,,,Workshop,LUBELAND_MRM,Dispatcher Fuel Assignment
260810002,8/10/2026 6:59:00 PM,0,T117,,,Workshop,LUBELAND_MRM,Dispatcher Fuel Assignment
260810002,8/10/2026 8:30:05 PM,2,T129,,,Workshop,LUBELAND_MRM,Dispatcher Fuel Assignment
260810002,8/10/2026 9:03:41 PM,3,T136,,,Workshop,LUBELAND_MRM,Dispatcher Fuel Assignment
260810002,8/10/2026 9:26:08 PM,3,T136,,,Workshop,LUBELAND_MRM,Dispatcher Fuel Assignment
260810002,8/10/2026 8:50:54 PM,2,T151,,,Workshop,LUBELAND_MRM,Dispatcher Fuel Assignment
260810002,8/10/2026 11:45:05 PM,5,T152,Crusher,CR1_JPM,Workshop,LUBELAND_2_JPM,System Fuel Assignment
260810002,8/10/2026 6:03:54 PM,0,T153,,,Workshop,LUBELAND_MRM,Dispatcher Fuel Assignment
260810002,8/10/2026 6:57:51 PM,0,T156,,,Workshop,LUBELAND_1_JPM,Dispatcher Fuel Assignment
260810002,8/10/2026 6:26:18 PM,0,T157,,,Workshop,LUBELAND_MRM,Dispatcher Fuel Assignment
260810002,8/10/2026 7:51:36 PM,1,T158,,,Workshop,LUBELAND_1_JPM,Dispatcher Fuel Assignment
260810002,8/10/2026 7:21:42 PM,1,T161,,,Workshop,LUBELAND_1_JPM,Dispatcher Fuel Assignment
260810002,8/10/2026 11:17:01 PM,5,T462,Dump,DY_SEEPAGE_10_PIT_556,Workshop,LUBELAND_2_JPM,System Fuel Assignment
260810002,8/11/2026 12:38:27 AM,6,T463,Dump,DY_SEEPAGE_10_PIT_556,Workshop,LUBELAND_2_JPM,System Fuel Assignment
260810002,8/10/2026 6:21:41 PM,0,T470,,,Workshop,LUBELAND_MRM,Dispatcher Fuel Assignment
260810002,8/10/2026 11:05:26 PM,5,T472,Dump,DU_PD6_BERM,Workshop,LUBELAND_MRM,System Fuel Assignment
260810002,8/11/2026 12:52:04 AM,6,T132,,,Workshop,LUBELAND_MRM,Dispatcher Fuel Assignment
260810002,8/11/2026 12:56:56 AM,6,T135,,,Workshop,LUBELAND_MRM,Dispatcher Fuel Assignment
260810002,8/11/2026 2:24:05 AM,8,T135,,,Workshop,LUBELAND_MRM,Dispatcher Fuel Assignment
260810002,8/11/2026 12:00:36 AM,6,T144,,,Workshop,LUBELAND_2_JPM,Dispatcher Fuel Assignment
260810002,8/10/2026 10:10:59 PM,4,T149,,,Workshop,LUBELAND_2_JPM,Dispatcher Fuel Assignment
260810002,8/10/2026 10:00:12 PM,4,T154,,,Workshop,LUBELAND_2_JPM,Dispatcher Fuel Assignment
260810002,8/11/2026 1:12:09 AM,7,T166,,,Workshop,LUBELAND_MRM,Dispatcher Fuel Assignment
260810002,8/10/2026 10:53:43 PM,4,T169,Crusher,CR1_JPM,Workshop,LUBELAND_2_JPM,System Fuel Assignment
260810002,8/10/2026 10:11:18 PM,4,T466,Shiftchange,STANDBY_MRM,Workshop,LUBELAND_MRM,System Fuel Assignment
260810002,8/10/2026 10:17:38 PM,4,T466,,,Workshop,LUBELAND_MRM,Dispatcher Fuel Assignment
260811002,8/11/2026 8:00:31 PM,2,T103,Dump,IN_12PIT_552,Workshop,LUBELAND_MRM,System Fuel Assignment
260811002,8/12/2026 1:56:12 AM,7,T107,,,Workshop,LUBELAND_MRM,Dispatcher Fuel Assignment
260811002,8/12/2026 1:43:33 AM,7,T110,,,Workshop,LUBELAND_MRM,Dispatcher Fuel Assignment
260811002,8/11/2026 10:20:10 PM,4,T115,Crusher,CR2_MRM,Workshop,LUBELAND_MRM,System Fuel Assignment
260811002,8/11/2026 11:32:29 PM,5,T116,Workshop,SHACK,Workshop,LUBELAND_MRM,System Fuel Assignment
260811002,8/12/2026 1:05:57 AM,7,T119,,,Workshop,LUBELAND_MRM,Dispatcher Fuel Assignment
260811002,8/12/2026 2:19:46 AM,8,T122,,,Workshop,LUBELAND_MRM,Dispatcher Fuel Assignment
260811002,8/12/2026 2:41:22 AM,8,T129,,,Workshop,LUBELAND_MRM,Dispatcher Fuel Assignment
260811002,8/11/2026 11:03:39 PM,5,T133,,,Workshop,LUBELAND_MRM,Dispatcher Fuel Assignment
260811002,8/12/2026 2:24:35 AM,8,T135,,,Workshop,LUBELAND_MRM,Dispatcher Fuel Assignment
260811002,8/11/2026 11:03:27 PM,5,T136,,,Workshop,LUBELAND_MRM,Dispatcher Fuel Assignment
260811002,8/12/2026 2:09:53 AM,8,T141,,,Workshop,LUBELAND_2_JPM,Dispatcher Fuel Assignment
260811002,8/12/2026 12:55:28 AM,6,T144,,,Workshop,LUBELAND_2_JPM,Dispatcher Fuel Assignment
260811002,8/12/2026 1:19:26 AM,7,T149,,,Workshop,LUBELAND_2_JPM,Dispatcher Fuel Assignment
260811002,8/11/2026 10:51:37 PM,4,T151,,,Workshop,LUBELAND_MRM,Dispatcher Fuel Assignment
260811002,8/12/2026 12:23:39 AM,6,T161,,,Workshop,LUBELAND_2_JPM,Dispatcher Fuel Assignment
260811002,8/12/2026 1:36:20 AM,7,T168,Crusher,CR1_JPM,Workshop,LUBELAND_2_JPM,System Fuel Assignment
260811002,8/11/2026 11:16:11 PM,5,T171,,,Workshop,LUBELAND_2_JPM,Dispatcher Fuel Assignment
260811002,8/11/2026 11:47:46 PM,5,T454,,,Workshop,LUBELAND_MRM,Dispatcher Fuel Assignment
260811002,8/11/2026 9:43:15 PM,3,T455,Dump,DU_LWR_CADILLAC_518,Workshop,LUBELAND_MRM,System Fuel Assignment
260811002,8/11/2026 8:48:53 PM,2,T456,Stockpile,ST_VIPER_SAND,Workshop,LUBELAND_MRM,System Fuel Assignment
260811002,8/12/2026 12:00:04 AM,6,T459,Crusher,CR1_JPM,Workshop,LUBELAND_2_JPM,System Fuel Assignment
260811002,8/11/2026 9:07:03 PM,3,T461,Crusher,CR1_JPM,Workshop,LUBELAND_2_JPM,System Fuel Assignment
260811002,8/11/2026 11:44:21 PM,5,T463,Dump,DU_BERTA_551,Workshop,LUBELAND_2_JPM,System Fuel Assignment
260811002,8/11/2026 11:38:19 PM,5,T469,Stockpile,ST_VIPER_SAND,Workshop,LUBELAND_MRM,System Fuel Assignment
260811002,8/11/2026 7:55:53 PM,1,T101,,,Workshop,LUBELAND_MRM,Dispatcher Fuel Assignment
260811002,8/11/2026 8:25:03 PM,2,T101,,,Workshop,LUBELAND_MRM,Dispatcher Fuel Assignment
260811002,8/11/2026 8:26:41 PM,2,T103,,,Workshop,LUBELAND_MRM,Dispatcher Fuel Assignment
260811002,8/11/2026 7:42:06 PM,1,T106,,,Workshop,LUBELAND_MRM,Dispatcher Fuel Assignment
260811002,8/11/2026 8:12:45 PM,2,T112,,,Workshop,LUBELAND_MRM,Dispatcher Fuel Assignment
260811002,8/11/2026 10:23:05 PM,4,T113,,,Workshop,LUBELAND_MRM,Dispatcher Fuel Assignment
260811002,8/11/2026 9:13:00 PM,3,T121,,,Workshop,LUBELAND_MRM,Dispatcher Fuel Assignment
260811002,8/11/2026 6:20:21 PM,0,T123,,,Workshop,LUBELAND_MRM,Dispatcher Fuel Assignment
260811002,8/11/2026 9:01:58 PM,3,T124,,,Workshop,LUBELAND_MRM,Dispatcher Fuel Assignment
260811002,8/11/2026 9:28:40 PM,3,T126,,,Workshop,LUBELAND_MRM,Dispatcher Fuel Assignment
260811002,8/11/2026 6:48:47 PM,0,T128,,,Workshop,LUBELAND_MRM,Dispatcher Fuel Assignment
260811002,8/11/2026 9:43:50 PM,3,T132,,,Workshop,LUBELAND_MRM,Dispatcher Fuel Assignment
260811002,8/11/2026 9:44:19 PM,3,T132,,,Workshop,LUBELAND_MRM,Dispatcher Fuel Assignment
260811002,8/11/2026 8:02:14 PM,2,T133,,,Workshop,LUBELAND_MRM,Dispatcher Fuel Assignment
260811002,8/11/2026 6:57:36 PM,0,T134,,,Workshop,LUBELAND_2_JPM,Dispatcher Fuel Assignment
260811002,8/11/2026 6:17:00 PM,0,T138,,,Workshop,LUBELAND_MRM,Dispatcher Fuel Assignment
260811002,8/11/2026 8:11:52 PM,2,T139,,,Workshop,LUBELAND_2_JPM,Dispatcher Fuel Assignment
260811002,8/11/2026 7:29:57 PM,1,T141,,,Workshop,LUBELAND_2_JPM,Dispatcher Fuel Assignment
260811002,8/11/2026 6:24:18 PM,0,T152,,,Workshop,LUBELAND_2_JPM,Dispatcher Fuel Assignment
260811002,8/11/2026 9:53:41 PM,3,T153,,,Workshop,LUBELAND_MRM,Dispatcher Fuel Assignment
260811002,8/11/2026 7:52:09 PM,1,T154,,,Workshop,LUBELAND_2_JPM,Dispatcher Fuel Assignment
260811002,8/11/2026 7:18:53 PM,1,T156,,,Workshop,LUBELAND_2_JPM,Dispatcher Fuel Assignment
260811002,8/11/2026 10:31:05 PM,4,T157,,,Workshop,LUBELAND_MRM,Dispatcher Fuel Assignment
260811002,8/11/2026 9:30:26 PM,3,T158,,,Workshop,LUBELAND_2_JPM,Dispatcher Fuel Assignment
260811002,8/11/2026 6:45:46 PM,0,T162,,,Workshop,LUBELAND_MRM,Dispatcher Fuel Assignment
260811002,8/11/2026 7:10:36 PM,1,T163,,,Workshop,LUBELAND_MRM,Dispatcher Fuel Assignment
260811002,8/11/2026 8:52:52 PM,2,T164,,,Workshop,LUBELAND_MRM,Dispatcher Fuel Assignment
260811002,8/11/2026 8:31:09 PM,2,T169,,,Workshop,LUBELAND_2_JPM,Dispatcher Fuel Assignment
260811002,8/11/2026 6:39:24 PM,0,T462,,,Workshop,LUBELAND_2_JPM,Dispatcher Fuel Assignment
260811002,8/11/2026 6:19:48 PM,0,T470,,,Workshop,LUBELAND_MRM,Dispatcher Fuel Assignment
260811002,8/11/2026 7:17:57 PM,1,T472,,,Workshop,LUBELAND_MRM,Dispatcher Fuel Assignment
260811002,8/11/2026 6:54:51 PM,0,T472,,,Workshop,LUBELAND_MRM,Dispatcher Fuel Assignment
260812002,8/13/2026 1:54:31 AM,7,T123,Dump,DU_LWR_CADILLAC_518,Workshop,LUBELAND_MRM,System Fuel Assignment
260812002,8/13/2026 2:00:25 AM,8,T147,Workshop,SHOP_JPM,Workshop,LUBELAND_2_JPM,System Fuel Assignment
260812002,8/12/2026 8:47:25 PM,2,T101,,,Workshop,LUBELAND_MRM,Dispatcher Fuel Assignment
260812002,8/12/2026 11:20:45 PM,5,T102,,,Workshop,LUBELAND_2_JPM,Dispatcher Fuel Assignment
260812002,8/13/2026 12:45:09 AM,6,T105,,,Workshop,LUBELAND_MRM,Dispatcher Fuel Assignment
260812002,8/13/2026 12:17:14 AM,6,T107,,,Workshop,LUBELAND_MRM,Dispatcher Fuel Assignment
260812002,8/12/2026 6:29:04 PM,0,T112,,,Workshop,LUBELAND_MRM,Dispatcher Fuel Assignment
260812002,8/13/2026 12:16:29 AM,6,T119,,,Workshop,LUBELAND_MRM,Dispatcher Fuel Assignment
260812002,8/13/2026 2:10:17 AM,8,T119,,,Workshop,LUBELAND_MAINTPAD_MRM,Dispatcher Fuel Assignment
260812002,8/12/2026 10:31:20 PM,4,T121,,,Workshop,LUBELAND_MRM,Dispatcher Fuel Assignment
260812002,8/13/2026 1:08:22 AM,7,T122,,,Workshop,LUBELAND_MRM,Dispatcher Fuel Assignment
260812002,8/12/2026 10:52:38 PM,4,T133,,,Workshop,LUBELAND_MRM,Dispatcher Fuel Assignment
260812002,8/12/2026 11:46:32 PM,5,T134,,,Workshop,LUBELAND_2_JPM,Dispatcher Fuel Assignment
260812002,8/12/2026 11:53:42 PM,5,T136,,,Workshop,LUBELAND_MRM,Dispatcher Fuel Assignment
260812002,8/13/2026 12:06:21 AM,6,T137,Crusher,CR1_JPM,Workshop,LUBELAND_2_JPM,System Fuel Assignment
260812002,8/12/2026 11:32:34 PM,5,T139,,,Workshop,LUBELAND_2_JPM,Dispatcher Fuel Assignment
260812002,8/12/2026 7:23:50 PM,1,T141,,,Workshop,LUBELAND_2_JPM,Dispatcher Fuel Assignment
260812002,8/12/2026 7:31:13 PM,1,T149,,,Workshop,LUBELAND_2_JPM,Dispatcher Fuel Assignment
260812002,8/12/2026 7:56:47 PM,1,T150,Crusher,CR1_JPM,Workshop,LUBELAND_2_JPM,System Fuel Assignment
260812002,8/13/2026 2:00:03 AM,8,T153,,,Workshop,LUBELAND_MRM,Dispatcher Fuel Assignment
260812002,8/13/2026 1:04:16 AM,7,T154,Shiftchange,JPM_COFESHK_JPM,Workshop,LUBELAND_2_JPM,System Fuel Assignment
260812002,8/12/2026 8:57:31 PM,2,T156,Crusher,CR1_JPM,Workshop,LUBELAND_2_JPM,System Fuel Assignment
260812002,8/12/2026 10:06:13 PM,4,T158,Crusher,CR2_JPM,Workshop,LUBELAND_2_JPM,System Fuel Assignment
260812002,8/12/2026 6:30:56 PM,0,T164,,,Workshop,LUBELAND_MRM,Dispatcher Fuel Assignment
260812002,8/12/2026 11:29:41 PM,5,T166,,,Workshop,LUBELAND_MRM,Dispatcher Fuel Assignment
260812002,8/12/2026 9:27:22 PM,3,T168,Crusher,CR1_JPM,Workshop,LUBELAND_2_JPM,System Fuel Assignment
260812002,8/12/2026 7:28:59 PM,1,T455,Dump,IN_ROADS_MRM,Workshop,LUBELAND_MRM,System Fuel Assignment
260812002,8/12/2026 10:42:56 PM,4,T459,Crusher,CR1_JPM,Workshop,LUBELAND_2_JPM,System Fuel Assignment
260812002,8/12/2026 6:56:28 PM,0,T461,Dump,IN_ROADS_SAND_JPM,Workshop,LUBELAND_2_JPM,System Fuel Assignment
260812002,8/12/2026 9:47:23 PM,3,T462,Crusher,CR1_JPM,Workshop,LUBELAND_2_JPM,System Fuel Assignment
260812002,8/12/2026 6:21:18 PM,0,T470,,,Workshop,LUBELAND_MRM,Dispatcher Fuel Assignment
260816002,8/17/2026 1:29:08 AM,7,T118,,,Workshop,LUBELAND_MRM,Dispatcher Fuel Assignment
260816002,8/16/2026 6:36:46 PM,0,T119,,,Workshop,LUBELAND_MRM,Dispatcher Fuel Assignment
260816002,8/17/2026 2:43:52 AM,8,T121,,,Workshop,LUBELAND_MRM,Dispatcher Fuel Assignment
260816002,8/17/2026 12:42:24 AM,6,T122,Workshop,SHACK,Workshop,LUBELAND_MRM,System Fuel Assignment
260816002,8/16/2026 6:22:18 PM,0,T126,Dump,DY_IPD7_SOUTH_CORE_530,Workshop,LUBELAND_MRM,System Fuel Assignment
260816002,8/17/2026 12:18:42 AM,6,T127,,,Workshop,LUBELAND_MRM,Dispatcher Fuel Assignment
260816002,8/16/2026 6:59:20 PM,0,T127,,,Workshop,LUBELAND_MRM,Dispatcher Fuel Assignment
260816002,8/16/2026 6:33:32 PM,0,T128,Dump,DY_PD6_CORE_547,Workshop,LUBELAND_MRM,System Fuel Assignment
260816002,8/16/2026 7:00:53 PM,1,T129,Dump,DY_PD6_CORE_547,Workshop,LUBELAND_MRM,System Fuel Assignment
260816002,8/17/2026 2:47:46 AM,8,T132,,,Workshop,LUBELAND_MRM,Dispatcher Fuel Assignment
260816002,8/16/2026 9:10:15 PM,3,T133,,,Workshop,LUBELAND_MRM,Dispatcher Fuel Assignment
260816002,8/16/2026 6:17:01 PM,0,T134,Crusher,CR1_JPM,Workshop,LUBELAND_2_JPM,System Fuel Assignment
260816002,8/17/2026 2:43:22 AM,8,T134,,,Workshop,LUBELAND_2_JPM,Dispatcher Fuel Assignment
260816002,8/17/2026 1:20:06 AM,7,T135,Workshop,SHACK,Workshop,LUBELAND_MRM,System Fuel Assignment
260816002,8/16/2026 11:59:55 PM,5,T136,Dump,DU_SKB_D1_SIERRA_540,Workshop,LUBELAND_MRM,System Fuel Assignment
260816002,8/16/2026 7:41:51 PM,1,T137,,,Workshop,LUBELAND_2_JPM,Dispatcher Fuel Assignment
260816002,8/16/2026 10:19:10 PM,4,T139,,,Workshop,LUBELAND_2_JPM,Dispatcher Fuel Assignment
260816002,8/16/2026 7:45:53 PM,1,T140,Dump,DU_IPC1_FLARESTACK,Workshop,LUBELAND_MRM,System Fuel Assignment
260816002,8/16/2026 10:51:10 PM,4,T141,,,Workshop,LUBELAND_2_JPM,Dispatcher Fuel Assignment
260816002,8/17/2026 12:18:31 AM,6,T144,,,Workshop,LUBELAND_2_JPM,Dispatcher Fuel Assignment
260816002,8/16/2026 8:07:05 PM,2,T147,,,Workshop,LUBELAND_2_JPM,Dispatcher Fuel Assignment
260813002,8/13/2026 11:40:59 PM,5,T104,Dump,DY_PD6_CORE_555,Workshop,LUBELAND_MRM,System Fuel Assignment
260813002,8/14/2026 1:08:39 AM,7,T107,Dump,DY_IPD7_US_CORE_547,Workshop,LUBELAND_MRM,System Fuel Assignment
260813002,8/13/2026 6:51:21 PM,0,T112,,,Workshop,LUBELAND_MRM,Dispatcher Fuel Assignment
260813002,8/14/2026 2:21:50 AM,8,T114,Dump,DY_IPD7_US_SHELL_541,Workshop,LUBELAND_MRM,System Fuel Assignment
260813002,8/13/2026 10:59:31 PM,4,T120,Dump,DY_IPD7_US_CORE_547,Workshop,LUBELAND_MRM,System Fuel Assignment
260813002,8/13/2026 6:54:09 PM,0,T121,,,Workshop,LUBELAND_MRM,Dispatcher Fuel Assignment
260813002,8/13/2026 10:22:40 PM,4,T122,Workshop,SHACK,Workshop,LUBELAND_MRM,System Fuel Assignment
260813002,8/13/2026 10:59:05 PM,4,T123,,,Workshop,LUBELAND_MRM,Dispatcher Fuel Assignment
260813002,8/14/2026 1:45:29 AM,7,T124,Dump,DY_IPD7_US_SHELL_541,Workshop,LUBELAND_MRM,System Fuel Assignment
260813002,8/13/2026 7:41:33 PM,1,T130,,,Workshop,LUBELAND_MRM,Dispatcher Fuel Assignment
260813002,8/13/2026 7:09:13 PM,1,T133,,,Workshop,LUBELAND_MRM,Dispatcher Fuel Assignment
260813002,8/13/2026 7:28:48 PM,1,T134,,,Workshop,LUBELAND_2_JPM,Dispatcher Fuel Assignment
260813002,8/13/2026 10:47:22 PM,4,T139,,,Workshop,LUBELAND_2_JPM,Dispatcher Fuel Assignment
260813002,8/13/2026 11:42:25 PM,5,T140,,,Workshop,LUBELAND_MRM,Dispatcher Fuel Assignment
260813002,8/13/2026 9:05:16 PM,3,T141,,,Workshop,LUBELAND_2_JPM,Dispatcher Fuel Assignment
260813002,8/13/2026 8:02:57 PM,2,T149,,,Workshop,LUBELAND_2_JPM,Dispatcher Fuel Assignment
260813002,8/13/2026 6:49:37 PM,0,T150,,,Workshop,LUBELAND_2_JPM,Dispatcher Fuel Assignment
260813002,8/13/2026 11:34:50 PM,5,T151,Dump,DY_IPD7_US_CORE_547,Workshop,LUBELAND_MRM,System Fuel Assignment
260813002,8/14/2026 12:06:48 AM,6,T153,Dump,DY_PD6_CORE_555,Workshop,LUBELAND_MRM,System Fuel Assignment
260813002,8/13/2026 8:36:29 PM,2,T156,,,Workshop,LUBELAND_2_JPM,Dispatcher Fuel Assignment
260813002,8/13/2026 8:21:41 PM,2,T156,,,Workshop,LUBELAND_2_JPM,Dispatcher Fuel Assignment
260813002,8/14/2026 12:18:35 AM,6,T157,Dump,DY_PD6_CORE_555,Workshop,LUBELAND_MRM,System Fuel Assignment
260813002,8/14/2026 2:08:20 AM,8,T162,Dump,DY_IPD7_US_SHELL_541,Workshop,LUBELAND_MRM,System Fuel Assignment
260813002,8/14/2026 12:59:48 AM,6,T163,Dump,DU_LWR_CADILLAC_518,Workshop,LUBELAND_MRM,System Fuel Assignment
260813002,8/14/2026 12:42:38 AM,6,T164,Dump,DY_PD6_CORE_555,Workshop,LUBELAND_MRM,System Fuel Assignment
260813002,8/13/2026 11:12:36 PM,5,T168,,,Workshop,LUBELAND_2_JPM,Dispatcher Fuel Assignment
260813002,8/13/2026 10:16:44 PM,4,T171,,,Workshop,LUBELAND_2_JPM,Dispatcher Fuel Assignment
260813002,8/14/2026 12:06:57 AM,6,T462,Shiftchange,JPM_COFESHK_JPM,Workshop,LUBELAND_2_JPM,System Fuel Assignment
260813002,8/13/2026 10:39:27 PM,4,T465,Stockpile,ST_RAPTOR_SAND,Workshop,LUBELAND_MRM,System Fuel Assignment
260813002,8/14/2026 2:38:46 AM,8,T466,Stockpile,ST_JROAD_CRUSH,Workshop,LUBELAND_MRM,System Fuel Assignment
260813002,8/13/2026 8:25:11 PM,2,T468,,,Workshop,LUBELAND_MRM,Dispatcher Fuel Assignment
260813002,8/13/2026 8:39:47 PM,2,T470,,,Workshop,LUBELAND_MRM,Dispatcher Fuel Assignment
260813002,8/14/2026 1:37:13 AM,7,T102,,,Workshop,LUBELAND_2_JPM,Dispatcher Fuel Assignment
260813002,8/14/2026 2:42:44 AM,8,T105,,,Workshop,LUBELAND_MRM,Dispatcher Fuel Assignment
260813002,8/13/2026 11:53:46 PM,5,T115,,,Workshop,LUBELAND_MRM,Dispatcher Fuel Assignment
260813002,8/13/2026 11:44:29 PM,5,T118,,,Workshop,LUBELAND_MRM,Dispatcher Fuel Assignment
260813002,8/14/2026 12:42:53 AM,6,T137,,,Workshop,LUBELAND_2_JPM,Dispatcher Fuel Assignment
260813002,8/14/2026 1:04:00 AM,7,T152,,,Workshop,LUBELAND_2_JPM,Dispatcher Fuel Assignment
260813002,8/13/2026 11:50:36 PM,5,T154,,,Workshop,LUBELAND_2_JPM,Dispatcher Fuel Assignment
260813002,8/14/2026 12:42:20 AM,6,T157,,,Workshop,LUBELAND_MRM,Dispatcher Fuel Assignment
260813002,8/14/2026 1:52:04 AM,7,T161,,,Workshop,LUBELAND_2_JPM,Dispatcher Fuel Assignment
260813002,8/14/2026 12:23:23 AM,6,T169,,,Workshop,LUBELAND_2_JPM,Dispatcher Fuel Assignment
260813002,8/14/2026 1:51:15 AM,7,T472,,,Workshop,LUBELAND_MRM,Dispatcher Fuel Assignment
260813002,8/13/2026 8:55:29 PM,2,T101,Dump,DU_LWR_CADILLAC_518,Workshop,LUBELAND_MRM,System Fuel Assignment
260813002,8/13/2026 7:39:57 PM,1,T103,Dump,DY_IPD7_US_CORE_547,Workshop,LUBELAND_MRM,System Fuel Assignment
260813002,8/13/2026 9:00:49 PM,3,T106,Workshop,SHACK,Workshop,LUBELAND_MRM,System Fuel Assignment
260813002,8/13/2026 7:40:13 PM,1,T127,Dump,DY_IPD7_US_SHELL_541,Workshop,LUBELAND_MRM,System Fuel Assignment
260813002,8/13/2026 7:02:28 PM,1,T129,Dump,DU_LWR_CADILLAC_518,Workshop,LUBELAND_MRM,System Fuel Assignment
260813002,8/13/2026 9:48:15 PM,3,T135,Dump,DY_IPD7_US_CORE_547,Workshop,LUBELAND_MRM,System Fuel Assignment
260813002,8/13/2026 9:26:42 PM,3,T138,Dump,DU_LWR_CADILLAC_518,Workshop,LUBELAND_MRM,System Fuel Assignment
260813002,8/13/2026 9:36:22 PM,3,T465,Stockpile,ST_JROAD_CRUSH,Workshop,LUBELAND_MRM,System Fuel Assignment
260813002,8/13/2026 6:08:35 PM,0,T474,Crusher,CR1_JPM,Workshop,LUBELAND_2_JPM,System Fuel Assignment
260813002,8/13/2026 6:41:22 PM,0,T474,Shiftchange,JPM_COFESHK_JPM,Workshop,LUBELAND_2_JPM,System Fuel Assignment
260815002,8/16/2026 2:34:05 AM,8,T102,,,Workshop,LUBELAND_2_JPM,Dispatcher Fuel Assignment
260815002,8/16/2026 2:44:36 AM,8,T104,,,Workshop,LUBELAND_MRM,Dispatcher Fuel Assignment
260815002,8/16/2026 12:24:17 AM,6,T120,,,Workshop,LUBELAND_MRM,Dispatcher Fuel Assignment
260815002,8/15/2026 10:03:17 PM,4,T129,,,Workshop,LUBELAND_MRM,Dispatcher Fuel Assignment
260815002,8/16/2026 12:30:11 AM,6,T133,,,Workshop,LUBELAND_MRM,Dispatcher Fuel Assignment
260815002,8/15/2026 10:40:40 PM,4,T141,,,Workshop,LUBELAND_2_JPM,Dispatcher Fuel Assignment
260815002,8/15/2026 11:29:19 PM,5,T144,,,Workshop,LUBELAND_2_JPM,Dispatcher Fuel Assignment
260815002,8/16/2026 2:09:18 AM,8,T149,,,Workshop,LUBELAND_2_JPM,Dispatcher Fuel Assignment
260815002,8/16/2026 12:47:30 AM,6,T152,,,Workshop,LUBELAND_2_JPM,Dispatcher Fuel Assignment
260814002,8/14/2026 7:37:28 PM,1,T126,,,Workshop,LUBELAND_MRM,Dispatcher Fuel Assignment
260814002,8/14/2026 9:20:27 PM,3,T127,,,Workshop,LUBELAND_MRM,Dispatcher Fuel Assignment
260814002,8/14/2026 6:08:40 PM,0,T147,,,Workshop,LUBELAND_2_JPM,Dispatcher Fuel Assignment
260814002,8/14/2026 7:56:06 PM,1,T149,,,Workshop,LUBELAND_2_JPM,Dispatcher Fuel Assignment
260814002,8/14/2026 6:57:33 PM,0,T150,,,Workshop,LUBELAND_2_JPM,Dispatcher Fuel Assignment
260814002,8/14/2026 7:34:28 PM,1,T157,,,Workshop,LUBELAND_MAINTPAD_MRM,Dispatcher Fuel Assignment
260814002,8/14/2026 9:02:10 PM,3,T168,,,Workshop,LUBELAND_2_JPM,Dispatcher Fuel Assignment
260814002,8/14/2026 9:26:36 PM,3,T463,,,Workshop,LUBELAND_2_JPM,Dispatcher Fuel Assignment
260814002,8/14/2026 8:21:42 PM,2,T470,,,Workshop,LUBELAND_MRM,Dispatcher Fuel Assignment
260814002,8/14/2026 11:34:13 PM,5,T121,,,Workshop,LUBELAND_MRM,Dispatcher Fuel Assignment
260814002,8/15/2026 2:45:03 AM,8,T133,,,Workshop,LUBELAND_MRM,Dispatcher Fuel Assignment
260814002,8/14/2026 11:40:13 PM,5,T134,,,Workshop,LUBELAND_2_JPM,Dispatcher Fuel Assignment
260814002,8/15/2026 12:56:26 AM,6,T137,,,Workshop,LUBELAND_2_JPM,Dispatcher Fuel Assignment
260814002,8/15/2026 12:06:14 AM,6,T139,,,Workshop,LUBELAND_2_JPM,Dispatcher Fuel Assignment
260814002,8/14/2026 9:48:49 PM,3,T156,,,Workshop,LUBELAND_2_JPM,Dispatcher Fuel Assignment
260814002,8/15/2026 2:23:57 AM,8,T163,,,Workshop,LUBELAND_MRM,Dispatcher Fuel Assignment
260814002,8/15/2026 1:19:04 AM,7,T474,,,Workshop,LUBELAND_2_JPM,Dispatcher Fuel Assignment
260814002,8/14/2026 6:03:43 PM,0,T101,Dump,DY_IPD7_US_CORE_547,Workshop,LUBELAND_MRM,System Fuel Assignment
260814002,8/14/2026 8:59:22 PM,2,T102,Crusher,CR1_JPM,Workshop,LUBELAND_2_JPM,System Fuel Assignment
260814002,8/14/2026 8:38:48 PM,2,T103,Dump,DY_IPD7_US_SHELL_555,Workshop,LUBELAND_MRM,System Fuel Assignment
260814002,8/14/2026 8:11:00 PM,2,T104,Dump,DU_SKB_D1_SIERRA_552,Workshop,LUBELAND_MRM,System Fuel Assignment
260814002,8/14/2026 9:14:32 PM,3,T106,Workshop,SHACK,Workshop,LUBELAND_MRM,System Fuel Assignment
260814002,8/15/2026 1:11:54 AM,7,T107,Dump,DU_IPD6_HWY_530,Workshop,LUBELAND_MRM,System Fuel Assignment
260814002,8/14/2026 8:54:06 PM,2,T108,Dump,DY_IPD7_US_SHELL_555,Workshop,LUBELAND_MRM,System Fuel Assignment
260814002,8/15/2026 12:22:40 AM,6,T113,Dump,DY_IPD7_US_SHELL_555,Workshop,LUBELAND_MRM,System Fuel Assignment
260814002,8/15/2026 2:01:52 AM,8,T114,Dump,DU_IPD6_HWY_530,Workshop,LUBELAND_MRM,System Fuel Assignment
260814002,8/14/2026 11:39:07 PM,5,T115,Stockpile,ST_THUNDER_N,Workshop,LUBELAND_MRM,System Fuel Assignment
260814002,8/15/2026 12:20:47 AM,6,T118,Dump,DU_IPD6_HWY_530,Workshop,LUBELAND_MRM,System Fuel Assignment
260814002,8/14/2026 11:52:39 PM,5,T119,Workshop,MRM_TRUCKSHOP,Workshop,LUBELAND_MRM,System Fuel Assignment
260814002,8/15/2026 1:26:06 AM,7,T120,Dump,DY_IPD7_US_SHELL_555,Workshop,LUBELAND_MRM,System Fuel Assignment
260814002,8/14/2026 6:23:08 PM,0,T125,Dump,DU_IPC6_CORE_530,Workshop,LUBELAND_MRM,System Fuel Assignment
260814002,8/14/2026 6:50:55 PM,0,T128,Dump,DY_IPD7N_DS_CORE_541,Workshop,LUBELAND_MRM,System Fuel Assignment
260814002,8/15/2026 1:24:31 AM,7,T129,Dump,DU_IPD6_HWY_530,Workshop,LUBELAND_MRM,System Fuel Assignment
260814002,8/14/2026 9:59:40 PM,3,T130,Dump,DU_IPD6_HWY_530,Workshop,LUBELAND_MRM,System Fuel Assignment
260814002,8/14/2026 10:43:01 PM,4,T135,Dump,DY_IPD7_US_CORE_547,Workshop,LUBELAND_MRM,System Fuel Assignment
260814002,8/14/2026 10:40:33 PM,4,T138,Dump,DU_SKB_D1_SIERRA_552,Workshop,LUBELAND_MRM,System Fuel Assignment
260814002,8/14/2026 10:19:10 PM,4,T141,Crusher,CR1_JPM,Workshop,LUBELAND_2_JPM,System Fuel Assignment
260814002,8/15/2026 1:33:52 AM,7,T151,Dump,DY_IPD7_US_SHELL_555,Workshop,LUBELAND_MRM,System Fuel Assignment
260814002,8/14/2026 8:34:53 PM,2,T152,Crusher,CR1_JPM,Workshop,LUBELAND_2_JPM,System Fuel Assignment
260814002,8/14/2026 6:46:05 PM,0,T153,Dump,DU_LWR_CADILLAC_518,Workshop,LUBELAND_MRM,System Fuel Assignment
260814002,8/14/2026 11:53:42 PM,5,T154,Crusher,CR2_JPM,Workshop,LUBELAND_2_JPM,System Fuel Assignment
260814002,8/14/2026 10:36:46 PM,4,T169,Crusher,CR1_JPM,Workshop,LUBELAND_2_JPM,System Fuel Assignment
260814002,8/14/2026 7:59:32 PM,1,T455,Stockpile,ST_JROAD_CRUSH,Workshop,LUBELAND_MRM,System Fuel Assignment
260814002,8/14/2026 9:26:58 PM,3,T456,Dump,DU_LWR_CADILLAC_518,Workshop,LUBELAND_MRM,System Fuel Assignment
260814002,8/14/2026 11:05:51 PM,5,T459,Dump,DU_REJECTS_RMP,Workshop,LUBELAND_2_JPM,System Fuel Assignment
260814002,8/14/2026 9:48:38 PM,3,T461,Dump,DU_REJECTS_RMP,Workshop,LUBELAND_2_JPM,System Fuel Assignment
260814002,8/14/2026 9:55:46 PM,3,T466,Stockpile,ST_JROAD_CRUSH,Workshop,LUBELAND_MRM,System Fuel Assignment
260814002,8/15/2026 12:04:28 AM,6,T469,Dump,DU_LWR_CADILLAC_518,Workshop,LUBELAND_MRM,System Fuel Assignment
260814002,8/14/2026 7:27:14 PM,1,T471,Stockpile,ST_JROAD_CRUSH,Workshop,LUBELAND_MRM,System Fuel Assignment
260817002,8/17/2026 11:30:18 PM,5,T102,,,Workshop,LUBELAND_2_JPM,Dispatcher Fuel Assignment
260817002,8/17/2026 9:30:58 PM,3,T112,,,Workshop,LUBELAND_MRM,Dispatcher Fuel Assignment
260817002,8/18/2026 2:37:11 AM,8,T116,,,Workshop,LUBELAND_MRM,Dispatcher Fuel Assignment
260817002,8/18/2026 2:34:35 AM,8,T118,,,Workshop,LUBELAND_MRM,Dispatcher Fuel Assignment
260817002,8/18/2026 2:47:29 AM,8,T132,,,Workshop,LUBELAND_MRM,Dispatcher Fuel Assignment
260817002,8/17/2026 7:37:43 PM,1,T137,,,Workshop,LUBELAND_2_JPM,Dispatcher Fuel Assignment
260817002,8/17/2026 9:52:36 PM,3,T139,,,Workshop,LUBELAND_2_JPM,Dispatcher Fuel Assignment
260817002,8/18/2026 12:55:05 AM,6,T144,,,Workshop,LUBELAND_2_JPM,Dispatcher Fuel Assignment
260817002,8/17/2026 9:17:13 PM,3,T147,,,Workshop,LUBELAND_2_JPM,Dispatcher Fuel Assignment
260817002,8/17/2026 11:08:55 PM,5,T149,,,Workshop,LUBELAND_2_JPM,Dispatcher Fuel Assignment
260817002,8/17/2026 7:42:05 PM,1,T152,,,Workshop,LUBELAND_2_JPM,Dispatcher Fuel Assignment
260815002,8/16/2026 1:34:24 AM,7,T156,,,Workshop,LUBELAND_2_JPM,Dispatcher Fuel Assignment
260815002,8/16/2026 1:59:04 AM,7,T161,,,Workshop,LUBELAND_2_JPM,Dispatcher Fuel Assignment
260815002,8/16/2026 1:21:20 AM,7,T456,,,Workshop,LUBELAND_MRM,Dispatcher Fuel Assignment
260815002,8/16/2026 1:07:57 AM,7,T101,Workshop,SHACK,Workshop,LUBELAND_MRM,System Fuel Assignment
260815002,8/15/2026 6:29:19 PM,0,T102,,,Workshop,LUBELAND_2_JPM,Dispatcher Fuel Assignment
260815002,8/15/2026 7:07:57 PM,1,T103,,,Workshop,LUBELAND_MRM,Dispatcher Fuel Assignment
260815002,8/15/2026 6:15:31 PM,0,T105,,,Workshop,LUBELAND_MRM,Dispatcher Fuel Assignment
260815002,8/15/2026 8:24:04 PM,2,T106,Dump,DY_IPD7_US_SHELL_555,Workshop,LUBELAND_MRM,System Fuel Assignment
260815002,8/16/2026 12:29:59 AM,6,T107,Dump,DU_LWR_CADILLAC_518,Workshop,LUBELAND_MRM,System Fuel Assignment
260815002,8/15/2026 10:05:26 PM,4,T109,Dump,DU_SKB_D1_SIERRA_552,Workshop,LUBELAND_MRM,System Fuel Assignment
260815002,8/15/2026 6:44:46 PM,0,T110,Dump,DY_IPD7_CORE_547,Workshop,LUBELAND_MRM,System Fuel Assignment
260815002,8/15/2026 7:31:40 PM,1,T111,Dump,DY_IPD7_US_SHELL_555,Workshop,LUBELAND_MRM,System Fuel Assignment
260815002,8/16/2026 1:37:03 AM,7,T114,Dump,DU_SKB_D1_SIERRA_552,Workshop,LUBELAND_MRM,System Fuel Assignment
260815002,8/15/2026 9:09:45 PM,3,T117,Dump,DY_IPD7_SOUTH_CORE_530,Workshop,LUBELAND_MRM,System Fuel Assignment
260815002,8/15/2026 7:49:05 PM,1,T118,Dump,DY_IPD7_US_SHELL_555,Workshop,LUBELAND_MRM,System Fuel Assignment
260815002,8/15/2026 8:31:53 PM,2,T122,Dump,DY_IPD7_SOUTH_CORE_530,Workshop,LUBELAND_MRM,System Fuel Assignment
260815002,8/15/2026 6:13:09 PM,0,T126,Dump,DY_IPD7_CORE_547,Workshop,LUBELAND_MRM,System Fuel Assignment
260815002,8/15/2026 10:56:20 PM,4,T127,Dump,DY_IPD7_SOUTH_CORE_530,Workshop,LUBELAND_MRM,System Fuel Assignment
260815002,8/16/2026 1:26:22 AM,7,T130,Dump,DU_LWR_CADILLAC_518,Workshop,LUBELAND_MRM,System Fuel Assignment
260815002,8/15/2026 8:18:56 PM,2,T134,Crusher,CR1_JPM,Workshop,LUBELAND_2_JPM,System Fuel Assignment
260815002,8/15/2026 10:54:46 PM,4,T135,Dump,DU_LWR_CADILLAC_518,Workshop,LUBELAND_MRM,System Fuel Assignment
260815002,8/15/2026 9:08:06 PM,3,T136,Dump,DY_IPD7_SOUTH_CORE_530,Workshop,LUBELAND_MRM,System Fuel Assignment
260815002,8/15/2026 11:56:27 PM,5,T138,Dump,DY_IPD7_CORE_547,Workshop,LUBELAND_MRM,System Fuel Assignment
260815002,8/15/2026 7:42:00 PM,1,T139,,,Workshop,LUBELAND_2_JPM,Dispatcher Fuel Assignment
260815002,8/15/2026 9:34:56 PM,3,T150,,,Workshop,LUBELAND_2_JPM,Dispatcher Fuel Assignment
260815002,8/15/2026 11:52:38 PM,5,T153,Dump,DY_IPD7_SOUTH_CORE_530,Workshop,LUBELAND_MRM,System Fuel Assignment
260815002,8/16/2026 1:14:57 AM,7,T154,Crusher,CR1_JPM,Workshop,LUBELAND_2_JPM,System Fuel Assignment
260815002,8/15/2026 9:47:55 PM,3,T157,Dump,DU_LWR_CADILLAC_518,Workshop,LUBELAND_MRM,System Fuel Assignment
260815002,8/15/2026 9:47:56 PM,3,T165,Workshop,SHOP_JPM,Workshop,LUBELAND_2_JPM,System Fuel Assignment
260815002,8/15/2026 6:10:49 PM,0,T166,Dump,DU_SKB_D1_SIERRA_552,Workshop,LUBELAND_MRM,System Fuel Assignment
260815002,8/15/2026 9:01:33 PM,3,T168,,,Workshop,LUBELAND_2_JPM,Dispatcher Fuel Assignment
260815002,8/15/2026 11:55:32 PM,5,T169,Stockpile,ST_806_ORE,Workshop,LUBELAND_2_JPM,System Fuel Assignment
260815002,8/15/2026 9:39:40 PM,3,T454,Dump,DU_LWR_CADILLAC_518,Workshop,LUBELAND_MRM,System Fuel Assignment
260815002,8/15/2026 6:48:58 PM,0,T458,Crusher,CR2_JPM,Workshop,LUBELAND_2_JPM,System Fuel Assignment
260815002,8/16/2026 12:41:59 AM,6,T463,Crusher,CR2_JPM,Workshop,LUBELAND_2_JPM,System Fuel Assignment
260815002,8/15/2026 8:16:34 PM,2,T465,Dump,DU_LWR_CADILLAC_518,Workshop,LUBELAND_MRM,System Fuel Assignment
260815002,8/15/2026 8:50:26 PM,2,T470,,,Workshop,LUBELAND_MRM,Dispatcher Fuel Assignment
260815002,8/15/2026 7:28:41 PM,1,T471,Dump,DU_LWR_CADILLAC_518,Workshop,LUBELAND_MRM,System Fuel Assignment
260815002,8/15/2026 8:47:19 PM,2,T472,Dump,DU_LWR_CADILLAC_518,Workshop,LUBELAND_MRM,System Fuel Assignment
260815002,8/16/2026 2:28:01 AM,8,T108,Dump,DY_IPD7_CORE_547,Workshop,LUBELAND_MRM,System Fuel Assignment
260815002,8/16/2026 2:30:56 AM,8,T151,Workshop,SHACK,Workshop,LUBELAND_MRM,System Fuel Assignment
260816002,8/16/2026 10:31:33 PM,4,T101,Dump,DY_IPD7_SOUTH_CORE_530,Workshop,LUBELAND_MRM,System Fuel Assignment
260816002,8/16/2026 9:33:32 PM,3,T102,,,Workshop,LUBELAND_2_JPM,Dispatcher Fuel Assignment
260816002,8/16/2026 7:53:47 PM,1,T103,Dump,DU_LWR_CADILLAC_518,Workshop,LUBELAND_MRM,System Fuel Assignment
260816002,8/17/2026 2:18:11 AM,8,T104,Workshop,SHACK,Workshop,LUBELAND_MRM,System Fuel Assignment
260816002,8/16/2026 9:07:02 PM,3,T106,Dump,DY_IPD7_SOUTH_CORE_530,Workshop,LUBELAND_MRM,System Fuel Assignment
260816002,8/17/2026 1:55:49 AM,7,T107,Dump,DY_IPD7_US_SHELL_555,Workshop,LUBELAND_MRM,System Fuel Assignment
260816002,8/17/2026 12:53:15 AM,6,T108,Workshop,SHACK,Workshop,LUBELAND_MRM,System Fuel Assignment
260816002,8/16/2026 9:58:30 PM,3,T109,Workshop,SHACK,Workshop,LUBELAND_MRM,System Fuel Assignment
260816002,8/16/2026 9:06:48 PM,3,T111,Dump,DU_IPD6_HWY_541,Workshop,LUBELAND_MRM,System Fuel Assignment
260816002,8/16/2026 6:47:16 PM,0,T112,,,Workshop,LUBELAND_MRM,Dispatcher Fuel Assignment
260816002,8/17/2026 1:11:12 AM,7,T113,Dump,DU_SKB_D1_SIERRA_540,Workshop,LUBELAND_MRM,System Fuel Assignment
260816002,8/17/2026 2:44:35 AM,8,T114,Dump,DY_IPD7_SOUTH_CORE_530,Workshop,LUBELAND_MRM,System Fuel Assignment
260816002,8/16/2026 11:12:35 PM,5,T115,Dump,DY_PD6_CORE_547,Workshop,LUBELAND_MRM,System Fuel Assignment
260816002,8/16/2026 10:16:12 PM,4,T116,Dump,DU_LWR_CADILLAC_518,Workshop,LUBELAND_MRM,System Fuel Assignment
260816002,8/17/2026 2:23:35 AM,8,T118,Dump,DY_IPD7_SOUTH_CORE_530,Workshop,LUBELAND_MRM,System Fuel Assignment
260816002,8/16/2026 6:58:24 PM,0,T149,,,Workshop,LUBELAND_2_JPM,Dispatcher Fuel Assignment
260816002,8/16/2026 11:54:44 PM,5,T150,,,Workshop,LUBELAND_2_JPM,Dispatcher Fuel Assignment
260816002,8/16/2026 11:19:47 PM,5,T152,Crusher,CR1_JPM,Workshop,LUBELAND_2_JPM,System Fuel Assignment
260816002,8/17/2026 1:59:00 AM,7,T153,Dump,DY_IPD7_US_SHELL_555,Workshop,LUBELAND_MRM,System Fuel Assignment
260816002,8/17/2026 12:40:48 AM,6,T157,,,Workshop,LUBELAND_MRM,Dispatcher Fuel Assignment
260816002,8/16/2026 9:12:02 PM,3,T158,,,Workshop,LUBELAND_2_JPM,Dispatcher Fuel Assignment
260816002,8/16/2026 8:11:35 PM,2,T164,Dump,DY_IPD7_SOUTH_CORE_530,Workshop,LUBELAND_MRM,System Fuel Assignment
260816002,8/16/2026 6:33:28 PM,0,T165,Workshop,SHOP_JPM,Workshop,LUBELAND_2_JPM,System Fuel Assignment
260816002,8/16/2026 6:21:28 PM,0,T166,Dump,DY_IPD7_US_SHELL_555,Workshop,LUBELAND_MRM,System Fuel Assignment
260816002,8/16/2026 11:34:00 PM,5,T167,Dump,DY_IPD7_US_SHELL_555,Workshop,LUBELAND_MRM,System Fuel Assignment
260816002,8/16/2026 9:59:02 PM,3,T168,,,Workshop,LUBELAND_2_JPM,Dispatcher Fuel Assignment
260816002,8/17/2026 12:54:09 AM,6,T171,,,Workshop,LUBELAND_2_JPM,Dispatcher Fuel Assignment
260816002,8/16/2026 6:57:56 PM,0,T458,Crusher,CR2_JPM,Workshop,LUBELAND_2_JPM,System Fuel Assignment
260816002,8/16/2026 6:11:53 PM,0,T458,Crusher,CR2_JPM,Workshop,LUBELAND_2_JPM,System Fuel Assignment
260816002,8/16/2026 9:39:15 PM,3,T460,,,Workshop,LUBELAND_MRM,Dispatcher Fuel Assignment
260816002,8/17/2026 12:11:19 AM,6,T465,Dump,DY_DY7_SANDCHIMNEY_4026,Workshop,LUBELAND_MRM,System Fuel Assignment
260816002,8/16/2026 7:31:50 PM,1,T466,Dump,DY_DY7_SANDCHIMNEY_4026,Workshop,LUBELAND_MRM,System Fuel Assignment
260816002,8/17/2026 2:00:42 AM,8,T468,,,Workshop,LUBELAND_MRM,Dispatcher Fuel Assignment
260816002,8/16/2026 8:24:57 PM,2,T468,Dump,DY_DY7_SANDCHIMNEY_4026,Workshop,LUBELAND_MRM,System Fuel Assignment
260816002,8/16/2026 6:07:07 PM,0,T469,Dump,DU_LWR_CADILLAC_518,Workshop,LUBELAND_MRM,System Fuel Assignment
260816002,8/16/2026 8:59:44 PM,2,T470,,,Workshop,LUBELAND_MRM,Dispatcher Fuel Assignment
260816002,8/16/2026 10:09:32 PM,4,T471,Dump,IN_ROADS_OUTBACK,Workshop,LUBELAND_MRM,System Fuel Assignment
260816002,8/16/2026 11:12:52 PM,5,T471,Dump,IN_ROADS_OUTBACK,Workshop,LUBELAND_MRM,System Fuel Assignment
260816002,8/16/2026 10:20:25 PM,4,T472,Dump,IN_ROADS_OUTBACK,Workshop,LUBELAND_MRM,System Fuel Assignment
260817002,8/18/2026 12:30:43 AM,6,T158,,,Workshop,LUBELAND_2_JPM,Dispatcher Fuel Assignment
260817002,8/17/2026 7:04:33 PM,1,T165,,,Workshop,LUBELAND_2_JPM,Dispatcher Fuel Assignment
260817002,8/18/2026 12:01:56 AM,6,T168,,,Workshop,LUBELAND_2_JPM,Dispatcher Fuel Assignment
260817002,8/17/2026 10:31:19 PM,4,T470,,,Workshop,LUBELAND_MRM,Dispatcher Fuel Assignment
260817002,8/18/2026 1:02:44 AM,7,T101,Dump,DY_IPD7_DS_SHELL_530,Workshop,LUBELAND_MRM,System Fuel Assignment
260817002,8/17/2026 10:21:23 PM,4,T104,Dump,IN_ROADS_MRM,Workshop,LUBELAND_MRM,System Fuel Assignment
260817002,8/17/2026 9:46:39 PM,3,T106,Dump,DY_IPD7_NORTH_CORE_547,Workshop,LUBELAND_MRM,System Fuel Assignment
260817002,8/18/2026 12:29:25 AM,6,T107,Workshop,SHACK,Workshop,LUBELAND_MRM,System Fuel Assignment
260817002,8/17/2026 10:33:05 PM,4,T108,Dump,DY_IPD7_SOUTH_CORE_530,Workshop,LUBELAND_MRM,System Fuel Assignment
260817002,8/17/2026 11:12:45 PM,5,T110,Dump,DY_IPD7_SOUTH_CORE_530,Workshop,LUBELAND_MRM,System Fuel Assignment
260817002,8/18/2026 1:38:34 AM,7,T111,Workshop,SHACK,Workshop,LUBELAND_MRM,System Fuel Assignment
260817002,8/17/2026 8:22:21 PM,2,T113,Dump,DY_IPD7_SOUTH_CORE_530,Workshop,LUBELAND_MRM,System Fuel Assignment
260817002,8/18/2026 2:25:57 AM,8,T115,Dump,DU_IPD6_HWY_541,Workshop,LUBELAND_MRM,System Fuel Assignment
260817002,8/18/2026 2:28:49 AM,8,T117,Dump,DU_IPD6_HWY_541,Workshop,LUBELAND_MRM,System Fuel Assignment
260817002,8/18/2026 2:25:04 AM,8,T118,Crusher,CR2_MRM,Workshop,LUBELAND_MRM,System Fuel Assignment
260817002,8/17/2026 9:53:21 PM,3,T118,Dump,DU_IPD6_HWY_541,Workshop,LUBELAND_MRM,System Fuel Assignment
260817002,8/17/2026 8:59:57 PM,2,T118,Crusher,CR2_MRM,Workshop,LUBELAND_MRM,System Fuel Assignment
260817002,8/18/2026 1:47:27 AM,7,T118,Crusher,CR2_MRM,Workshop,LUBELAND_MRM,System Fuel Assignment
260817002,8/18/2026 1:12:11 AM,7,T118,Crusher,CR2_MRM,Workshop,LUBELAND_MRM,System Fuel Assignment
260817002,8/18/2026 12:31:42 AM,6,T118,Workshop,SHACK,Workshop,LUBELAND_MRM,System Fuel Assignment
260817002,8/17/2026 10:37:26 PM,4,T118,Crusher,CR2_MRM,Workshop,LUBELAND_MRM,System Fuel Assignment
260817002,8/17/2026 11:19:16 PM,5,T118,Crusher,CR2_MRM,Workshop,LUBELAND_MRM,System Fuel Assignment
260817002,8/17/2026 11:48:27 PM,5,T118,Crusher,CR2_MRM,Workshop,LUBELAND_MRM,System Fuel Assignment
260817002,8/17/2026 8:29:24 PM,2,T119,Dump,DU_IPD6_HWY_541,Workshop,LUBELAND_MRM,System Fuel Assignment
260817002,8/17/2026 9:02:35 PM,3,T122,Crusher,CR2_MRM,Workshop,LUBELAND_MRM,System Fuel Assignment
260817002,8/18/2026 1:23:38 AM,7,T123,Workshop,SHACK,Workshop,LUBELAND_MRM,System Fuel Assignment
260817002,8/18/2026 12:54:55 AM,6,T126,Dump,DY_IPD7_DS_SHELL_530,Workshop,LUBELAND_MRM,System Fuel Assignment
260817002,8/17/2026 6:45:05 PM,0,T128,Dump,DU_IPD6_HWY_541,Workshop,LUBELAND_MRM,System Fuel Assignment
260817002,8/18/2026 2:35:20 AM,8,T129,Crusher,CR2_MRM,Workshop,LUBELAND_MRM,System Fuel Assignment
260817002,8/17/2026 9:21:06 PM,3,T140,Dump,DU_LWR_CADILLAC_518,Workshop,LUBELAND_MRM,System Fuel Assignment
260817002,8/17/2026 6:07:34 PM,0,T151,Crusher,CR2_MRM,Workshop,LUBELAND_MRM,System Fuel Assignment
260817002,8/17/2026 9:49:05 PM,3,T153,Workshop,SHACK,Workshop,LUBELAND_MRM,System Fuel Assignment
260817002,8/17/2026 6:34:43 PM,0,T160,Crusher,CR2_MRM,Workshop,LUBELAND_MRM,System Fuel Assignment
260817002,8/17/2026 6:34:28 PM,0,T162,Dump,DU_IPD6_HWY_541,Workshop,LUBELAND_MRM,System Fuel Assignment
260817002,8/17/2026 9:05:59 PM,3,T166,Dump,DY_IPD7_SOUTH_CORE_530,Workshop,LUBELAND_MRM,System Fuel Assignment
260817002,8/18/2026 1:50:08 AM,7,T167,Dump,DY_IPD7_NORTH_CORE_547,Workshop,LUBELAND_MRM,System Fuel Assignment
260817002,8/18/2026 12:24:14 AM,6,T454,Dump,DU_LWR_CADILLAC_518,Workshop,LUBELAND_MRM,System Fuel Assignment
260817002,8/17/2026 11:14:38 PM,5,T456,Dump,DU_LWR_CADILLAC_518,Workshop,LUBELAND_MRM,System Fuel Assignment
260817002,8/17/2026 6:16:10 PM,0,T458,Crusher,CR1_JPM,Workshop,LUBELAND_2_JPM,System Fuel Assignment
260817002,8/17/2026 7:37:14 PM,1,T460,Dump,DY_DY7_SANDCHIMNEY_4026,Workshop,LUBELAND_MRM,System Fuel Assignment
260817002,8/18/2026 12:29:02 AM,6,T463,Stockpile,ST_CR_LIVEPILE,Workshop,LUBELAND_2_JPM,System Fuel Assignment
260817002,8/17/2026 10:20:08 PM,4,T466,Dump,DY_DY7_SANDCHIMNEY_4026,Workshop,LUBELAND_MRM,System Fuel Assignment
260817002,8/17/2026 7:16:36 PM,1,T469,Dump,DY_DY7_SANDCHIMNEY_4026,Workshop,LUBELAND_MRM,System Fuel Assignment
260817002,8/17/2026 9:46:40 PM,3,T474,Dump,DU_REJECTS_RMP,Workshop,LUBELAND_2_JPM,System Fuel Assignment
260817002,8/17/2026 10:35:20 PM,4,T474,Crusher,CR1_JPM,Workshop,LUBELAND_2_JPM,System Fuel Assignment
260819002,8/19/2026 7:50:54 PM,1,T101,Dump,DY_PD6_CORE_555,Workshop,LUBELAND_MRM,System Fuel Assignment
260819002,8/19/2026 8:10:02 PM,2,T101,Workshop,SHACK,Workshop,LUBELAND_MRM,System Fuel Assignment
260819002,8/19/2026 11:56:24 PM,5,T102,Dump,DU_SKB_D1_540_NTWZ,Workshop,LUBELAND_MRM,System Fuel Assignment
260819002,8/19/2026 6:11:47 PM,0,T104,Crusher,CR2_MRM,Workshop,LUBELAND_MRM,System Fuel Assignment
260819002,8/19/2026 11:43:32 PM,5,T107,Crusher,CR2_MRM,Workshop,LUBELAND_MRM,System Fuel Assignment
260819002,8/19/2026 6:43:46 PM,0,T113,Dump,DU_SKB_D1_540_NTWZ,Workshop,LUBELAND_MRM,System Fuel Assignment
260819002,8/19/2026 7:09:52 PM,1,T118,Dump,DU_SKB_D1_540_NTWZ,Workshop,LUBELAND_MRM,System Fuel Assignment
260819002,8/20/2026 1:15:12 AM,7,T122,Crusher,CR2_MRM,Workshop,LUBELAND_MRM,System Fuel Assignment
260819002,8/19/2026 9:43:37 PM,3,T123,Crusher,CR2_MRM,Workshop,LUBELAND_MRM,System Fuel Assignment
260819002,8/19/2026 9:42:25 PM,3,T123,Crusher,CR2_MRM,Workshop,LUBELAND_MRM,System Fuel Assignment
260819002,8/19/2026 6:42:03 PM,0,T124,Crusher,CR2_MRM,Workshop,LUBELAND_MRM,System Fuel Assignment
260819002,8/19/2026 6:45:19 PM,0,T108,,,Workshop,LUBELAND_MRM,Dispatcher Fuel Assignment
260819002,8/20/2026 12:04:19 AM,6,T109,,,Workshop,LUBELAND_MRM,Dispatcher Fuel Assignment
260819002,8/20/2026 2:38:31 AM,8,T110,,,Workshop,LUBELAND_MRM,Dispatcher Fuel Assignment
260819002,8/20/2026 2:36:00 AM,8,T112,,,Workshop,LUBELAND_MRM,Dispatcher Fuel Assignment
260819002,8/19/2026 10:21:49 PM,4,T118,,,Workshop,LUBELAND_MRM,Dispatcher Fuel Assignment
260819002,8/20/2026 1:24:04 AM,7,T119,,,Workshop,LUBELAND_MRM,Dispatcher Fuel Assignment
260819002,8/19/2026 9:47:46 PM,3,T121,,,Workshop,LUBELAND_MRM,Dispatcher Fuel Assignment
260819002,8/19/2026 11:52:55 PM,5,T128,,,Workshop,LUBELAND_MRM,Dispatcher Fuel Assignment
260819002,8/20/2026 12:07:47 AM,6,T130,,,Workshop,LUBELAND_MRM,Dispatcher Fuel Assignment
260819002,8/20/2026 2:20:24 AM,8,T132,,,Workshop,LUBELAND_MRM,Dispatcher Fuel Assignment
260819002,8/19/2026 11:06:25 PM,5,T133,,,Workshop,LUBELAND_MRM,Dispatcher Fuel Assignment
260819002,8/19/2026 8:13:22 PM,2,T134,,,Workshop,LUBELAND_2_JPM,Dispatcher Fuel Assignment
260819002,8/19/2026 11:39:07 PM,5,T139,,,Workshop,LUBELAND_2_JPM,Dispatcher Fuel Assignment
260819002,8/19/2026 8:30:43 PM,2,T126,Crusher,CR2_MRM,Workshop,LUBELAND_MRM,System Fuel Assignment
260819002,8/19/2026 7:24:02 PM,1,T135,Crusher,CR2_MRM,Workshop,LUBELAND_MRM,System Fuel Assignment
260819002,8/20/2026 1:45:45 AM,7,T136,Crusher,CR2_MRM,Workshop,LUBELAND_MRM,System Fuel Assignment
260819002,8/20/2026 12:39:05 AM,6,T140,Crusher,CR2_MRM,Workshop,LUBELAND_MRM,System Fuel Assignment
260819002,8/19/2026 9:14:29 PM,3,T151,Crusher,CR2_MRM,Workshop,LUBELAND_MRM,System Fuel Assignment
260819002,8/19/2026 7:47:02 PM,1,T153,Dump,DU_SKB_D1_540_NTWZ,Workshop,LUBELAND_MRM,System Fuel Assignment
260819002,8/19/2026 8:14:21 PM,2,T153,Crusher,CR2_MRM,Workshop,LUBELAND_MRM,System Fuel Assignment
260819002,8/19/2026 8:29:06 PM,2,T154,Shiftchange,JPM_COFESHK_JPM,Workshop,LUBELAND_2_JPM,System Fuel Assignment
260819002,8/19/2026 8:31:08 PM,2,T157,Crusher,CR2_MRM,Workshop,LUBELAND_MRM,System Fuel Assignment
260819002,8/20/2026 2:42:40 AM,8,T163,Dump,DU_LWR_CADILLAC_518,Workshop,LUBELAND_MRM,System Fuel Assignment
260819002,8/20/2026 12:51:30 AM,6,T166,Crusher,CR2_MRM,Workshop,LUBELAND_MRM,System Fuel Assignment
260819002,8/19/2026 6:38:04 PM,0,T150,,,Workshop,LUBELAND_2_JPM,Dispatcher Fuel Assignment
260819002,8/19/2026 9:21:20 PM,3,T154,,,Workshop,LUBELAND_2_JPM,Dispatcher Fuel Assignment
260819002,8/19/2026 8:33:36 PM,2,T156,,,Workshop,LUBELAND_2_JPM,Dispatcher Fuel Assignment
260819002,8/20/2026 12:32:39 AM,6,T158,,,Workshop,LUBELAND_2_JPM,Dispatcher Fuel Assignment
260819002,8/19/2026 8:47:28 PM,2,T160,,,Workshop,LUBELAND_MRM,Dispatcher Fuel Assignment
260819002,8/20/2026 1:26:19 AM,7,T161,,,Workshop,LUBELAND_2_JPM,Dispatcher Fuel Assignment
260819002,8/19/2026 6:54:59 PM,0,T165,,,Workshop,LUBELAND_2_JPM,Dispatcher Fuel Assignment
260819002,8/20/2026 2:47:11 AM,8,T171,,,Workshop,LUBELAND_2_JPM,Dispatcher Fuel Assignment
260819002,8/19/2026 6:45:44 PM,0,T470,,,Workshop,LUBELAND_MRM,Dispatcher Fuel Assignment
260819002,8/19/2026 9:19:52 PM,3,T471,,,Workshop,LUBELAND_MRM,Dispatcher Fuel Assignment
260819002,8/20/2026 2:09:28 AM,8,T167,Crusher,CR2_MRM,Workshop,LUBELAND_MRM,System Fuel Assignment
260819002,8/19/2026 9:43:16 PM,3,T168,Crusher,CR2_JPM,Workshop,LUBELAND_2_JPM,System Fuel Assignment
260819002,8/20/2026 1:43:17 AM,7,T454,Dump,DY_DY7_SANDCHIMNEY_4026,Workshop,LUBELAND_MRM,System Fuel Assignment
260818002,8/18/2026 7:07:21 PM,1,T102,,,Workshop,LUBELAND_2_JPM,Dispatcher Fuel Assignment
260818002,8/18/2026 6:56:11 PM,0,T104,Crusher,CR2_MRM,Workshop,LUBELAND_MRM,System Fuel Assignment
260818002,8/18/2026 6:21:00 PM,0,T108,Dump,DY_IPD7_NORTH_CORE_547,Workshop,LUBELAND_MRM,System Fuel Assignment
260818002,8/18/2026 7:32:48 PM,1,T121,Dump,DU_SKB_D1_540_NTWZ,Workshop,LUBELAND_MRM,System Fuel Assignment
260818002,8/18/2026 6:04:18 PM,0,T135,Dump,DY_IPD7_NORTH_CORE_547,Workshop,LUBELAND_MRM,System Fuel Assignment
260818002,8/18/2026 6:32:56 PM,0,T150,,,Workshop,LUBELAND_2_JPM,Dispatcher Fuel Assignment
260818002,8/18/2026 7:48:50 PM,1,T154,,,Workshop,LUBELAND_2_JPM,Dispatcher Fuel Assignment
260818002,8/18/2026 7:30:02 PM,1,T156,,,Workshop,LUBELAND_2_JPM,Dispatcher Fuel Assignment
260818002,8/18/2026 7:41:33 PM,1,T157,Crusher,CR2_MRM,Workshop,LUBELAND_MRM,System Fuel Assignment
260818002,8/18/2026 7:16:10 PM,1,T454,Dump,DU_LWR_CADILLAC_518,Workshop,LUBELAND_MRM,System Fuel Assignment
260818002,8/18/2026 6:18:33 PM,0,T458,Shiftchange,JPM_COFESHK_JPM,Workshop,LUBELAND_2_JPM,System Fuel Assignment
260818002,8/18/2026 11:00:33 PM,5,T101,Crusher,CR2_MRM,Workshop,LUBELAND_MRM,System Fuel Assignment
260818002,8/19/2026 12:40:52 AM,6,T106,Crusher,CR2_MRM,Workshop,LUBELAND_MRM,System Fuel Assignment
260818002,8/18/2026 10:35:46 PM,4,T107,Dump,DY_IPD7_DS_SHELL_530,Workshop,LUBELAND_MRM,System Fuel Assignment
260818002,8/19/2026 2:27:39 AM,8,T109,Dump,DU_SKB_YUKON_542,Workshop,LUBELAND_MRM,System Fuel Assignment
260818002,8/19/2026 1:18:32 AM,7,T110,Dump,DY_PD6_CORE_547,Workshop,LUBELAND_MRM,System Fuel Assignment
260818002,8/18/2026 10:47:32 PM,4,T113,Crusher,CR2_MRM,Workshop,LUBELAND_MRM,System Fuel Assignment
260818002,8/18/2026 10:53:20 PM,4,T119,Crusher,CR2_MRM,Workshop,LUBELAND_MRM,System Fuel Assignment
260818002,8/18/2026 9:22:00 PM,3,T126,Dump,DY_IPD7_NORTH_CORE_547,Workshop,LUBELAND_MRM,System Fuel Assignment
260818002,8/18/2026 9:21:56 PM,3,T129,Dump,DU_D1S_FREEDUMP,Workshop,LUBELAND_MRM,System Fuel Assignment
260818002,8/18/2026 8:12:11 PM,2,T133,Crusher,CR2_MRM,Workshop,LUBELAND_MRM,System Fuel Assignment
260818002,8/18/2026 11:36:35 PM,5,T134,Crusher,CR2_JPM,Workshop,LUBELAND_2_JPM,System Fuel Assignment
260818002,8/18/2026 11:46:10 PM,5,T101,,,Workshop,LUBELAND_MRM,Dispatcher Fuel Assignment
260818002,8/19/2026 2:16:07 AM,8,T103,,,Workshop,LUBELAND_MRM,Dispatcher Fuel Assignment
260818002,8/18/2026 8:31:46 PM,2,T118,,,Workshop,LUBELAND_MRM,Dispatcher Fuel Assignment
260818002,8/18/2026 10:02:29 PM,4,T118,,,Workshop,LUBELAND_MRM,Dispatcher Fuel Assignment
260818002,8/19/2026 1:52:53 AM,7,T121,,,Workshop,LUBELAND_MRM,Dispatcher Fuel Assignment
260818002,8/18/2026 11:33:43 PM,5,T130,,,Workshop,LUBELAND_MRM,Dispatcher Fuel Assignment
260818002,8/19/2026 2:48:10 AM,8,T132,,,Workshop,LUBELAND_MRM,Dispatcher Fuel Assignment
260818002,8/19/2026 12:13:31 AM,6,T137,,,Workshop,LUBELAND_2_JPM,Dispatcher Fuel Assignment
260818002,8/19/2026 12:32:55 AM,6,T139,,,Workshop,LUBELAND_2_JPM,Dispatcher Fuel Assignment
260818002,8/18/2026 10:01:43 PM,4,T140,,,Workshop,LUBELAND_MRM,Dispatcher Fuel Assignment
260818002,8/19/2026 1:01:12 AM,7,T144,,,Workshop,LUBELAND_2_JPM,Dispatcher Fuel Assignment
260818002,8/19/2026 1:20:55 AM,7,T147,,,Workshop,LUBELAND_2_JPM,Dispatcher Fuel Assignment
260818002,8/18/2026 10:36:42 PM,4,T149,,,Workshop,LUBELAND_2_JPM,Dispatcher Fuel Assignment
260818002,8/18/2026 7:45:03 PM,1,T470,,,Workshop,LUBELAND_MRM,Dispatcher Fuel Assignment
260818002,8/18/2026 7:02:12 PM,1,T471,Dump,DU_LWR_CADILLAC_518,Workshop,LUBELAND_MRM,System Fuel Assignment
260818002,8/19/2026 2:27:44 AM,8,T152,Crusher,CR2_JPM,Workshop,LUBELAND_2_JPM,System Fuel Assignment
260818002,8/19/2026 12:30:08 AM,6,T153,Dump,DY_IPD7_DS_SHELL_530,Workshop,LUBELAND_MRM,System Fuel Assignment
260818002,8/18/2026 8:33:21 PM,2,T160,Workshop,SHACK,Workshop,LUBELAND_MRM,System Fuel Assignment
260818002,8/19/2026 12:14:43 AM,6,T162,Dump,DU_LWR_CADILLAC_518,Workshop,LUBELAND_MRM,System Fuel Assignment
260818002,8/18/2026 10:52:59 PM,4,T163,Dump,DY_PD6_CORE_547,Workshop,LUBELAND_MRM,System Fuel Assignment
260818002,8/18/2026 9:11:19 PM,3,T168,Shiftchange,JPM_COFESHK_JPM,Workshop,LUBELAND_2_JPM,System Fuel Assignment
260818002,8/19/2026 1:28:58 AM,7,T456,Dump,DY_DY7_SANDCHIMNEY_4026,Workshop,LUBELAND_MRM,System Fuel Assignment
260818002,8/19/2026 12:08:32 AM,6,T459,Dump,DU_DUMP4W_SLOP,Workshop,LUBELAND_2_JPM,System Fuel Assignment
260818002,8/18/2026 11:17:13 PM,5,T460,Dump,DY_DY7_SANDCHIMNEY_4026,Workshop,LUBELAND_MRM,System Fuel Assignment
260818002,8/18/2026 8:06:33 PM,2,T465,Dump,DU_LWR_CADILLAC_518,Workshop,LUBELAND_MRM,System Fuel Assignment
260818002,8/19/2026 2:01:17 AM,8,T158,,,Workshop,LUBELAND_2_JPM,Dispatcher Fuel Assignment
260818002,8/18/2026 8:55:55 PM,2,T165,,,Workshop,LUBELAND_2_JPM,Dispatcher Fuel Assignment
260818002,8/18/2026 11:51:35 PM,5,T166,,,Workshop,LUBELAND_MRM,Dispatcher Fuel Assignment
260818002,8/19/2026 1:03:40 AM,7,T167,,,Workshop,LUBELAND_MRM,Dispatcher Fuel Assignment
260818002,8/18/2026 10:53:52 PM,4,T171,,,Workshop,LUBELAND_2_JPM,Dispatcher Fuel Assignment
260818002,8/19/2026 12:36:38 AM,6,T459,,,Workshop,LUBELAND_2_JPM,Dispatcher Fuel Assignment
260818002,8/18/2026 9:25:58 PM,3,T469,,,Workshop,LUBELAND_MRM,Dispatcher Fuel Assignment
260818002,8/18/2026 8:48:26 PM,2,T470,,,Workshop,LUBELAND_MRM,Dispatcher Fuel Assignment
260818002,8/19/2026 1:29:52 AM,7,T472,,,Workshop,LUBELAND_MRM,Dispatcher Fuel Assignment
260818002,8/19/2026 12:25:32 AM,6,T466,Dump,DY_DY7_SANDCHIMNEY_4026,Workshop,LUBELAND_MRM,System Fuel Assignment
260818002,8/19/2026 1:54:58 AM,7,T466,Dump,DU_LWR_CADILLAC_518,Workshop,LUBELAND_MRM,System Fuel Assignment
260818002,8/18/2026 8:55:03 PM,2,T468,Dump,DY_DY7_SANDCHIMNEY_4026,Workshop,LUBELAND_MRM,System Fuel Assignment
260818002,8/18/2026 8:53:07 PM,2,T469,Dump,DY_DY7_SANDCHIMNEY_4026,Workshop,LUBELAND_MRM,System Fuel Assignment
260818002,8/19/2026 1:18:42 AM,7,T474,Dump,DU_DUMP4W_SLOP,Workshop,LUBELAND_2_JPM,System Fuel Assignment
260819002,8/19/2026 7:23:16 PM,1,T458,Crusher,CR2_JPM,Workshop,LUBELAND_2_JPM,System Fuel Assignment
260819002,8/20/2026 12:17:46 AM,6,T459,Crusher,CR2_JPM,Workshop,LUBELAND_2_JPM,System Fuel Assignment
260819002,8/19/2026 7:35:13 PM,1,T463,Crusher,CR2_JPM,Workshop,LUBELAND_2_JPM,System Fuel Assignment
260819002,8/19/2026 7:42:21 PM,1,T471,Dump,DY_DY7_SANDCHIMNEY_4026,Workshop,LUBELAND_MRM,System Fuel Assignment
260819002,8/19/2026 6:14:53 PM,0,T472,Dump,DY_DY7_SANDCHIMNEY_4026,Workshop,LUBELAND_MRM,System Fuel Assignment

