dShiftId,dDumpLocation,dLogTime,dNextLogTime,dDurationSecond,dHos,dRN,dTrucksAtDump,dTrucksInQueue,dQStatus
260807001,,2026-08-07 05:59:59,,,-1,1,,0,Queue
260807001,CR1_MRM,2026-08-07 06:00:00,2026-08-07 06:00:28,28,0,253,,0,Queue
260807001,CR1_MRM,2026-08-07 06:00:28,2026-08-07 06:00:29,1,0,252,,0,Queue
260807001,CR1_MRM,2026-08-07 06:00:29,2026-08-07 06:02:29,120,0,251,,0,Queue
260807001,CR1_MRM,2026-08-07 06:02:29,2026-08-07 06:02:30,1,0,250,,0,Queue
260807001,CR1_MRM,2026-08-07 06:02:30,2026-08-07 06:03:00,30,0,249,,0,Queue
260807001,CR1_MRM,2026-08-07 06:03:00,2026-08-07 06:03:01,1,0,248,,0,Queue
260807001,CR1_MRM,2026-08-07 06:03:01,2026-08-07 06:03:36,35,0,247,,0,Queue
260807001,CR1_MRM,2026-08-07 06:03:36,2026-08-07 06:03:37,1,0,246,,0,Queue
260807001,CR1_MRM,2026-08-07 06:03:37,2026-08-07 06:04:51,74,0,245,,0,Queue
260807001,CR1_MRM,2026-08-07 06:04:51,2026-08-07 06:04:52,1,0,244,,0,Queue
260807001,CR1_MRM,2026-08-07 06:04:52,2026-08-07 06:07:14,142,0,243,,0,Queue
260807001,CR1_MRM,2026-08-07 06:07:14,2026-08-07 06:07:15,1,0,242,,0,Queue
260807001,CR1_MRM,2026-08-07 06:07:15,2026-08-07 06:07:56,41,0,241,,0,Queue
260807001,CR1_MRM,2026-08-07 06:07:56,2026-08-07 06:07:57,1,0,240,,0,Queue
260807001,CR1_MRM,2026-08-07 06:07:57,2026-08-07 06:07:58,1,0,239,,0,Queue
260807001,CR1_MRM,2026-08-07 06:07:58,2026-08-07 06:07:59,1,0,238,,0,Queue
260807001,CR1_MRM,2026-08-07 06:07:59,2026-08-07 06:09:08,69,0,237,,0,Queue
260807001,CR1_MRM,2026-08-07 06:09:08,2026-08-07 06:09:09,1,0,236,,0,Queue
260807001,CR1_MRM,2026-08-07 06:09:09,2026-08-07 06:10:22,73,0,235,,0,Queue
260807001,CR1_MRM,2026-08-07 06:10:22,2026-08-07 06:10:23,1,0,234,,0,Queue
260807001,CR1_MRM,2026-08-07 06:10:23,2026-08-07 06:13:28,185,0,233,,0,Queue
260807001,CR1_MRM,2026-08-07 06:13:28,2026-08-07 06:13:29,1,0,232,,0,Queue
260807001,CR1_MRM,2026-08-07 06:13:29,2026-08-07 06:14:39,70,0,231,,0,Queue
260807001,CR1_MRM,2026-08-07 06:14:39,2026-08-07 06:14:40,1,0,230,,0,Queue
260807001,CR1_MRM,2026-08-07 06:14:40,2026-08-07 06:15:23,43,0,229,,0,Queue
260807001,CR1_MRM,2026-08-07 06:15:23,2026-08-07 06:15:24,1,0,228,,0,Queue
260807001,CR1_MRM,2026-08-07 06:15:24,2026-08-07 06:15:53,29,0,227,,0,Queue
260807001,CR1_MRM,2026-08-07 06:15:53,2026-08-07 06:15:54,1,0,226,,0,Queue
260807001,CR1_MRM,2026-08-07 06:15:54,2026-08-07 06:16:25,31,0,225,,0,Queue
260807001,CR1_MRM,2026-08-07 06:16:25,2026-08-07 06:16:26,1,0,224,,0,Queue
260807001,CR1_MRM,2026-08-07 06:16:26,2026-08-07 06:17:46,80,0,223,,0,Queue
260807001,CR1_MRM,2026-08-07 06:17:46,2026-08-07 06:17:47,1,0,222,,0,Queue
260807001,CR1_MRM,2026-08-07 06:17:47,2026-08-07 06:18:53,66,0,221,,0,Queue
260807001,CR1_MRM,2026-08-07 06:18:53,2026-08-07 06:18:54,1,0,220,,0,Queue
260807001,CR1_MRM,2026-08-07 06:18:54,2026-08-07 06:19:40,46,0,219,,0,Queue
260807001,CR1_MRM,2026-08-07 06:19:40,2026-08-07 06:19:41,1,0,218,,0,Queue
260807001,CR1_MRM,2026-08-07 06:19:41,2026-08-07 06:20:55,74,0,217,,0,Queue
260807001,CR1_MRM,2026-08-07 06:20:55,2026-08-07 06:20:56,1,0,216,,0,Queue
260807001,CR1_MRM,2026-08-07 06:20:56,2026-08-07 06:24:40,224,0,215,,0,Queue
260807001,CR1_MRM,2026-08-07 06:24:40,2026-08-07 06:24:41,1,0,214,,0,Queue
260807001,CR1_MRM,2026-08-07 06:24:41,2026-08-07 06:25:42,61,0,213,,0,Queue
260807001,CR1_MRM,2026-08-07 06:25:42,2026-08-07 06:25:43,1,0,212,,0,Queue
260807001,CR1_MRM,2026-08-07 06:25:43,2026-08-07 06:25:44,1,0,211,,0,Queue
260807001,CR1_MRM,2026-08-07 06:25:44,2026-08-07 06:25:45,1,0,210,,0,Queue
260807001,CR1_MRM,2026-08-07 06:25:45,2026-08-07 06:26:15,30,0,209,,0,Queue
260807001,CR1_MRM,2026-08-07 06:26:15,2026-08-07 06:26:16,1,0,208,,0,Queue
260807001,CR1_MRM,2026-08-07 06:26:16,2026-08-07 06:26:27,11,0,207,,0,Queue
260807001,CR1_MRM,2026-08-07 06:26:27,2026-08-07 06:26:28,1,0,206,,0,Queue
260807001,CR1_MRM,2026-08-07 06:26:28,2026-08-07 06:27:09,41,0,205,,0,Queue
260807001,CR1_MRM,2026-08-07 06:27:09,2026-08-07 06:27:10,1,0,204,,0,Queue
260807001,CR1_MRM,2026-08-07 06:27:10,2026-08-07 06:27:21,11,0,203,,0,Queue
260807001,CR1_MRM,2026-08-07 06:27:21,2026-08-07 06:27:22,1,0,202,,0,Queue
260807001,CR1_MRM,2026-08-07 06:27:22,2026-08-07 06:28:59,97,0,201,,0,Queue
260807001,CR1_MRM,2026-08-07 06:28:59,2026-08-07 06:29:00,1,0,200,,0,Queue
260807001,CR1_MRM,2026-08-07 06:29:00,2026-08-07 06:29:01,1,0,199,,0,Queue
260807001,CR1_MRM,2026-08-07 06:29:01,2026-08-07 06:29:02,1,0,198,,0,Queue
260807001,CR1_MRM,2026-08-07 06:29:02,2026-08-07 06:31:02,120,0,197,,0,Queue
260807001,CR1_MRM,2026-08-07 06:31:02,2026-08-07 06:31:03,1,0,196,,0,Queue
260807001,CR1_MRM,2026-08-07 06:31:03,2026-08-07 06:31:05,2,0,195,,0,Queue
260807001,CR1_MRM,2026-08-07 06:31:05,2026-08-07 06:31:06,1,0,194,,0,Queue
260807001,CR1_MRM,2026-08-07 06:31:06,2026-08-07 06:31:42,36,0,193,,0,Queue
260807001,CR1_MRM,2026-08-07 06:31:42,2026-08-07 06:31:43,1,0,192,,0,Queue
260807001,CR1_MRM,2026-08-07 06:31:43,2026-08-07 06:33:28,105,0,191,,0,Queue
260807001,CR1_MRM,2026-08-07 06:33:28,2026-08-07 06:33:29,1,0,190,,0,Queue
260807001,CR1_MRM,2026-08-07 06:33:29,2026-08-07 06:34:04,35,0,189,,0,Queue
260807001,CR1_MRM,2026-08-07 06:34:04,2026-08-07 06:34:05,1,0,188,,0,Queue
260807001,CR1_MRM,2026-08-07 06:34:05,2026-08-07 06:36:37,152,0,187,,0,Queue
260807001,CR1_MRM,2026-08-07 06:36:37,2026-08-07 06:36:38,1,0,186,,0,Queue
260807001,CR1_MRM,2026-08-07 06:36:38,2026-08-07 06:36:39,1,0,185,,0,Queue
260807001,CR1_MRM,2026-08-07 06:36:39,2026-08-07 06:36:40,1,0,184,,0,Queue
260807001,CR1_MRM,2026-08-07 06:36:40,2026-08-07 06:37:58,78,0,183,,0,Queue
260807001,CR1_MRM,2026-08-07 06:37:58,2026-08-07 06:37:59,1,0,182,,0,Queue
260807001,CR1_MRM,2026-08-07 06:37:59,2026-08-07 06:38:46,47,0,181,,0,Queue
260807001,CR1_MRM,2026-08-07 06:38:46,2026-08-07 06:38:47,1,0,180,,0,Queue
260807001,CR1_MRM,2026-08-07 06:38:47,2026-08-07 06:40:41,114,0,179,,0,Queue
260807001,CR1_MRM,2026-08-07 06:40:41,2026-08-07 06:40:42,1,0,178,,0,Queue
260807001,CR1_MRM,2026-08-07 06:40:42,2026-08-07 06:40:50,8,0,177,,0,Queue
260807001,CR1_MRM,2026-08-07 06:40:50,2026-08-07 06:40:51,1,0,176,,0,Queue
260807001,CR1_MRM,2026-08-07 06:40:51,2026-08-07 06:41:51,60,0,175,,0,Queue
260807001,CR1_MRM,2026-08-07 06:41:51,2026-08-07 06:41:52,1,0,174,,0,Queue
260807001,CR1_MRM,2026-08-07 06:41:52,2026-08-07 06:42:40,48,0,173,,0,Queue
260807001,CR1_MRM,2026-08-07 06:42:40,2026-08-07 06:42:41,1,0,172,,0,Queue
260807001,CR1_MRM,2026-08-07 06:42:41,2026-08-07 06:42:54,13,0,171,,0,Queue
260807001,CR1_MRM,2026-08-07 06:42:54,2026-08-07 06:42:55,1,0,170,,0,Queue
260807001,CR1_MRM,2026-08-07 06:42:55,2026-08-07 06:45:27,152,0,169,,0,Queue
260807001,CR1_MRM,2026-08-07 06:45:27,2026-08-07 06:45:28,1,0,168,,0,Queue
260807001,CR1_MRM,2026-08-07 06:45:28,2026-08-07 06:46:32,64,0,167,,0,Queue
260807001,CR1_MRM,2026-08-07 06:46:32,2026-08-07 06:46:33,1,0,166,,0,Queue
260807001,CR1_MRM,2026-08-07 06:46:33,2026-08-07 06:47:40,67,0,165,,0,Queue
260807001,CR1_MRM,2026-08-07 06:47:40,2026-08-07 06:47:41,1,0,164,,0,Queue
260807001,CR1_MRM,2026-08-07 06:47:41,2026-08-07 06:48:40,59,0,163,,0,Queue
260807001,CR1_MRM,2026-08-07 06:48:40,2026-08-07 06:48:41,1,0,162,,0,Queue
260807001,CR1_MRM,2026-08-07 06:48:41,2026-08-07 06:48:49,8,0,161,,0,Queue
260807001,CR1_MRM,2026-08-07 06:48:49,2026-08-07 06:48:50,1,0,160,,0,Queue
260807001,CR1_MRM,2026-08-07 06:48:50,2026-08-07 06:50:02,72,0,159,,0,Queue
260807001,CR1_MRM,2026-08-07 06:50:02,2026-08-07 06:50:03,1,0,158,,0,Queue
260807001,CR1_MRM,2026-08-07 06:50:03,2026-08-07 06:51:35,92,0,157,,0,Queue
260807001,CR1_MRM,2026-08-07 06:51:35,2026-08-07 06:51:36,1,0,156,,0,Queue
260807001,CR1_MRM,2026-08-07 06:51:36,2026-08-07 06:52:08,32,0,155,,0,Queue
260807001,CR1_MRM,2026-08-07 06:52:08,2026-08-07 06:52:09,1,0,154,,0,Queue
260807001,CR1_MRM,2026-08-07 06:52:09,2026-08-07 06:53:41,92,0,153,,0,Queue
260807001,CR1_MRM,2026-08-07 06:53:41,2026-08-07 06:53:42,1,0,152,,0,Queue
260807001,CR1_MRM,2026-08-07 06:53:42,2026-08-07 06:54:32,50,0,151,,0,Queue
260807001,CR1_MRM,2026-08-07 06:54:32,2026-08-07 06:54:33,1,0,150,,0,Queue
260807001,CR1_MRM,2026-08-07 06:54:33,2026-08-07 06:58:53,260,0,149,,0,Queue
260807001,CR1_MRM,2026-08-07 06:58:53,2026-08-07 06:58:54,1,0,148,,0,Queue
260807001,CR1_MRM,2026-08-07 06:58:54,2026-08-07 06:59:44,50,0,147,,0,Queue
260807001,CR1_MRM,2026-08-07 06:59:44,2026-08-07 06:59:45,1,0,146,,0,Queue
260807001,CR1_MRM,2026-08-07 06:59:45,2026-08-07 06:59:53,8,0,145,,0,Queue
260807001,CR1_MRM,2026-08-07 06:59:53,2026-08-07 06:59:54,1,0,144,,0,Queue
260807001,CR1_MRM,2026-08-07 06:59:54,2026-08-07 07:00:50,56,0,143,,0,Queue
260807001,CR1_MRM,2026-08-07 07:00:50,2026-08-07 07:00:51,1,1,142,,0,Queue
260807001,CR1_MRM,2026-08-07 07:00:51,2026-08-07 07:01:00,9,1,141,,0,Queue
260807001,CR1_MRM,2026-08-07 07:01:00,2026-08-07 07:01:01,1,1,140,,0,Queue
260807001,CR1_MRM,2026-08-07 07:01:01,2026-08-07 07:01:09,8,1,139,,0,Queue
260807001,CR1_MRM,2026-08-07 07:01:09,2026-08-07 07:01:10,1,1,138,,0,Queue
260807001,CR1_MRM,2026-08-07 07:01:10,2026-08-07 07:01:35,25,1,137,,0,Queue
260807001,CR1_MRM,2026-08-07 07:01:35,2026-08-07 07:01:36,1,1,136,,0,Queue
260807001,CR1_MRM,2026-08-07 07:01:36,2026-08-07 07:02:01,25,1,135,,0,Queue
260807001,CR1_MRM,2026-08-07 07:02:01,2026-08-07 07:02:02,1,1,134,,0,Queue
260807001,CR1_MRM,2026-08-07 07:02:02,2026-08-07 07:03:31,89,1,133,,0,Queue
260807001,CR1_MRM,2026-08-07 07:03:31,2026-08-07 07:03:32,1,1,132,,0,Queue
260807001,CR1_MRM,2026-08-07 07:03:32,2026-08-07 07:03:44,12,1,131,,0,Queue
260807001,CR1_MRM,2026-08-07 07:03:44,2026-08-07 07:03:45,1,1,130,,0,Queue
260807001,CR1_MRM,2026-08-07 07:03:45,2026-08-07 07:03:45,0,1,129,,0,Queue
260807001,CR1_MRM,2026-08-07 07:03:45,2026-08-07 07:03:46,1,1,128,,0,Queue
260807001,CR1_MRM,2026-08-07 07:03:46,2026-08-07 07:04:20,34,1,127,,0,Queue
260807001,CR1_MRM,2026-08-07 07:04:20,2026-08-07 07:04:21,1,1,126,,0,Queue
260807001,CR1_MRM,2026-08-07 07:04:21,2026-08-07 07:04:32,11,1,125,,0,Queue
260807001,CR1_MRM,2026-08-07 07:04:32,2026-08-07 07:04:33,1,1,124,,0,Queue
260807001,CR1_MRM,2026-08-07 07:04:33,2026-08-07 07:06:27,114,1,123,,0,Queue
260807001,CR1_MRM,2026-08-07 07:06:27,2026-08-07 07:06:28,1,1,122,,0,Queue
260807001,CR1_MRM,2026-08-07 07:06:28,2026-08-07 07:07:25,57,1,121,,0,Queue
260807001,CR1_MRM,2026-08-07 07:07:25,2026-08-07 07:07:26,1,1,120,,0,Queue
260807001,CR1_MRM,2026-08-07 07:07:26,2026-08-07 07:07:35,9,1,119,,0,Queue
260807001,CR1_MRM,2026-08-07 07:07:35,2026-08-07 07:07:36,1,1,118,,0,Queue
260807001,CR1_MRM,2026-08-07 07:07:36,2026-08-07 07:08:49,73,1,117,,0,Queue
260807001,CR1_MRM,2026-08-07 07:08:49,2026-08-07 07:08:50,1,1,116,,0,Queue
260807001,CR1_MRM,2026-08-07 07:08:50,2026-08-07 07:10:35,105,1,115,,0,Queue
260807001,CR1_MRM,2026-08-07 07:10:35,2026-08-07 07:10:36,1,1,114,,0,Queue
260807001,CR1_MRM,2026-08-07 07:10:36,2026-08-07 07:11:44,68,1,113,,0,Queue
260807001,CR1_MRM,2026-08-07 07:11:44,2026-08-07 07:11:45,1,1,112,,0,Queue
260807001,CR1_MRM,2026-08-07 07:11:45,2026-08-07 07:12:11,26,1,111,,0,Queue
260807001,CR1_MRM,2026-08-07 07:12:11,2026-08-07 07:12:12,1,1,110,,0,Queue
260807001,CR1_MRM,2026-08-07 07:12:12,2026-08-07 07:12:52,40,1,109,,0,Queue
260807001,CR1_MRM,2026-08-07 07:12:52,2026-08-07 07:12:53,1,1,108,,0,Queue
260807001,CR1_MRM,2026-08-07 07:12:53,2026-08-07 07:13:02,9,1,107,,0,Queue
260807001,CR1_MRM,2026-08-07 07:13:02,2026-08-07 07:13:03,1,1,106,,0,Queue
260807001,CR1_MRM,2026-08-07 07:13:03,2026-08-07 07:14:34,91,1,105,,0,Queue
260807001,CR1_MRM,2026-08-07 07:14:34,2026-08-07 07:14:35,1,1,104,,0,Queue
260807001,CR1_MRM,2026-08-07 07:14:35,2026-08-07 07:14:57,22,1,103,,0,Queue
260807001,CR1_MRM,2026-08-07 07:14:57,2026-08-07 07:14:58,1,1,102,,0,Queue
260807001,CR1_MRM,2026-08-07 07:14:58,2026-08-07 07:15:27,29,1,101,,0,Queue
260807001,CR1_MRM,2026-08-07 07:15:27,2026-08-07 07:15:28,1,1,100,,0,Queue
260807001,CR1_MRM,2026-08-07 07:15:28,2026-08-07 07:16:18,50,1,99,,0,Queue
260807001,CR1_MRM,2026-08-07 07:16:18,2026-08-07 07:16:19,1,1,98,,0,Queue
260807001,CR1_MRM,2026-08-07 07:16:19,2026-08-07 07:16:19,0,1,97,,0,Queue
260807001,CR1_MRM,2026-08-07 07:16:19,2026-08-07 07:16:20,1,1,96,,0,Queue
260807001,CR1_MRM,2026-08-07 07:16:20,2026-08-07 07:16:29,9,1,95,,0,Queue
260807001,CR1_MRM,2026-08-07 07:16:29,2026-08-07 07:16:30,1,1,94,,0,Queue
260807001,CR1_MRM,2026-08-07 07:16:30,2026-08-07 07:16:46,16,1,93,,0,Queue
260807001,CR1_MRM,2026-08-07 07:16:46,2026-08-07 07:16:47,1,1,92,,0,Queue
260807001,CR1_MRM,2026-08-07 07:16:47,2026-08-07 07:16:52,5,1,91,,0,Queue
260807001,CR1_MRM,2026-08-07 07:16:52,2026-08-07 07:16:53,1,1,90,,0,Queue
260807001,CR1_MRM,2026-08-07 07:16:53,2026-08-07 07:17:13,20,1,89,,0,Queue
260807001,CR1_MRM,2026-08-07 07:17:13,2026-08-07 07:17:14,1,1,88,,0,Queue
260807001,CR1_MRM,2026-08-07 07:17:14,2026-08-07 07:18:08,54,1,87,,0,Queue
260807001,CR1_MRM,2026-08-07 07:18:08,2026-08-07 07:18:09,1,1,86,,0,Queue
260807001,CR1_MRM,2026-08-07 07:18:09,2026-08-07 07:19:32,83,1,85,,0,Queue
260807001,CR1_MRM,2026-08-07 07:19:32,2026-08-07 07:19:33,1,1,84,,0,Queue
260807001,CR1_MRM,2026-08-07 07:19:33,2026-08-07 07:19:48,15,1,83,,0,Queue
260807001,CR1_MRM,2026-08-07 07:19:48,2026-08-07 07:19:49,1,1,82,,0,Queue
260807001,CR1_MRM,2026-08-07 07:19:49,2026-08-07 07:21:24,95,1,81,,0,Queue
260807001,CR1_MRM,2026-08-07 07:21:24,2026-08-07 07:21:25,1,1,80,,0,Queue
260807001,CR1_MRM,2026-08-07 07:21:25,2026-08-07 07:21:31,6,1,79,,0,Queue
260807001,CR1_MRM,2026-08-07 07:21:31,2026-08-07 07:21:32,1,1,78,,0,Queue
260807001,CR1_MRM,2026-08-07 07:21:32,2026-08-07 07:22:22,50,1,77,,0,Queue
260807001,CR1_MRM,2026-08-07 07:22:22,2026-08-07 07:22:23,1,1,76,,0,Queue
260807001,CR1_MRM,2026-08-07 07:22:23,2026-08-07 07:22:55,32,1,75,,0,Queue
260807001,CR1_MRM,2026-08-07 07:22:55,2026-08-07 07:22:56,1,1,74,,0,Queue
260807001,CR1_MRM,2026-08-07 07:22:56,2026-08-07 07:23:58,62,1,73,,0,Queue
260807001,CR1_MRM,2026-08-07 07:23:58,2026-08-07 07:23:59,1,1,72,,0,Queue
260807001,CR1_MRM,2026-08-07 07:23:59,2026-08-07 07:24:07,8,1,71,,0,Queue
260807001,CR1_MRM,2026-08-07 07:24:07,2026-08-07 07:24:08,1,1,70,,0,Queue
260807001,CR1_MRM,2026-08-07 07:24:08,2026-08-07 07:26:45,157,1,69,,0,Queue
260807001,CR1_MRM,2026-08-07 07:26:45,2026-08-07 07:26:46,1,1,68,,0,Queue
260807001,CR1_MRM,2026-08-07 07:26:46,2026-08-07 07:28:07,81,1,67,,0,Queue
260807001,CR1_MRM,2026-08-07 07:28:07,2026-08-07 07:28:08,1,1,66,,0,Queue
260807001,CR1_MRM,2026-08-07 07:28:08,2026-08-07 07:28:12,4,1,65,,0,Queue
260807001,CR1_MRM,2026-08-07 07:28:12,2026-08-07 07:28:13,1,1,64,,0,Queue
260807001,CR1_MRM,2026-08-07 07:28:13,2026-08-07 07:28:30,17,1,63,,0,Queue
260807001,CR1_MRM,2026-08-07 07:28:30,2026-08-07 07:28:31,1,1,62,,0,Queue
260807001,CR1_MRM,2026-08-07 07:28:31,2026-08-07 07:31:32,181,1,61,,0,Queue
260807001,CR1_MRM,2026-08-07 07:31:32,2026-08-07 07:31:33,1,1,60,,0,Queue
260807001,CR1_MRM,2026-08-07 07:31:33,2026-08-07 07:32:49,76,1,59,,0,Queue
260807001,CR1_MRM,2026-08-07 07:32:49,2026-08-07 07:32:50,1,1,58,,0,Queue
260807001,CR1_MRM,2026-08-07 07:32:50,2026-08-07 07:33:08,18,1,57,,0,Queue
260807001,CR1_MRM,2026-08-07 07:33:08,2026-08-07 07:33:09,1,1,56,,0,Queue
260807001,CR1_MRM,2026-08-07 07:33:09,2026-08-07 07:34:02,53,1,55,,0,Queue
260807001,CR1_MRM,2026-08-07 07:34:02,2026-08-07 07:34:03,1,1,54,,0,Queue
260807001,CR1_MRM,2026-08-07 07:34:03,2026-08-07 07:34:56,53,1,53,,0,Queue
260807001,CR1_MRM,2026-08-07 07:34:56,2026-08-07 07:34:57,1,1,52,,0,Queue
260807001,CR1_MRM,2026-08-07 07:34:57,2026-08-07 07:36:12,75,1,51,,0,Queue
260807001,CR1_MRM,2026-08-07 07:36:12,2026-08-07 07:36:13,1,1,50,,0,Queue
260807001,CR1_MRM,2026-08-07 07:36:13,2026-08-07 07:37:53,100,1,49,,0,Queue
260807001,CR1_MRM,2026-08-07 07:37:53,2026-08-07 07:37:54,1,1,48,,0,Queue
260807001,CR1_MRM,2026-08-07 07:37:54,2026-08-07 07:38:21,27,1,47,,0,Queue
260807001,CR1_MRM,2026-08-07 07:38:21,2026-08-07 07:38:22,1,1,46,,0,Queue
260807001,CR1_MRM,2026-08-07 07:38:22,2026-08-07 07:38:36,14,1,45,,0,Queue
260807001,CR1_MRM,2026-08-07 07:38:36,2026-08-07 07:38:37,1,1,44,,0,Queue
260807001,CR1_MRM,2026-08-07 07:38:37,2026-08-07 07:38:58,21,1,43,,0,Queue
260807001,CR1_MRM,2026-08-07 07:38:58,2026-08-07 07:38:59,1,1,42,,0,Queue
260807001,CR1_MRM,2026-08-07 07:38:59,2026-08-07 07:40:06,67,1,41,,0,Queue
260807001,CR1_MRM,2026-08-07 07:40:06,2026-08-07 07:40:07,1,1,40,,0,Queue
260807001,CR1_MRM,2026-08-07 07:40:07,2026-08-07 07:40:39,32,1,39,,0,Queue
260807001,CR1_MRM,2026-08-07 07:40:39,2026-08-07 07:40:40,1,1,38,,0,Queue
260807001,CR1_MRM,2026-08-07 07:40:40,2026-08-07 07:41:09,29,1,37,,0,Queue
260807001,CR1_MRM,2026-08-07 07:41:09,2026-08-07 07:41:10,1,1,36,,0,Queue
260807001,CR1_MRM,2026-08-07 07:41:10,2026-08-07 07:41:31,21,1,35,,0,Queue
260807001,CR1_MRM,2026-08-07 07:41:31,2026-08-07 07:41:32,1,1,34,,0,Queue
260807001,CR1_MRM,2026-08-07 07:41:32,2026-08-07 07:42:11,39,1,33,,0,Queue
260807001,CR1_MRM,2026-08-07 07:42:11,2026-08-07 07:42:12,1,1,32,,0,Queue
260807001,CR1_MRM,2026-08-07 07:42:12,2026-08-07 07:44:23,131,1,31,,0,Queue
260807001,CR1_MRM,2026-08-07 07:44:23,2026-08-07 07:44:24,1,1,30,,0,Queue
260807001,CR1_MRM,2026-08-07 07:44:24,2026-08-07 07:45:02,38,1,29,,0,Queue
260807001,CR1_MRM,2026-08-07 07:45:02,2026-08-07 07:45:03,1,1,28,,0,Queue
260807001,CR1_MRM,2026-08-07 07:45:03,2026-08-07 07:45:18,15,1,27,,0,Queue
260807001,CR1_MRM,2026-08-07 07:45:18,2026-08-07 07:45:19,1,1,26,,0,Queue
260807001,CR1_MRM,2026-08-07 07:45:19,2026-08-07 07:46:46,87,1,25,,0,Queue
260807001,CR1_MRM,2026-08-07 07:46:46,2026-08-07 07:46:47,1,1,24,,0,Queue
260807001,CR1_MRM,2026-08-07 07:46:47,2026-08-07 07:47:51,64,1,23,,0,Queue
260807001,CR1_MRM,2026-08-07 07:47:51,2026-08-07 07:47:52,1,1,22,,0,Queue
260807001,CR1_MRM,2026-08-07 07:47:52,2026-08-07 07:50:22,150,1,21,,0,Queue
260807001,CR1_MRM,2026-08-07 07:50:22,2026-08-07 07:50:23,1,1,20,,0,Queue
260807001,CR1_MRM,2026-08-07 07:50:23,2026-08-07 07:50:33,10,1,19,,0,Queue
260807001,CR1_MRM,2026-08-07 07:50:33,2026-08-07 07:50:34,1,1,18,,0,Queue
260807001,CR1_MRM,2026-08-07 07:50:34,2026-08-07 07:51:05,31,1,17,,0,Queue
260807001,CR1_MRM,2026-08-07 07:51:05,2026-08-07 07:51:06,1,1,16,,0,Queue
260807001,CR1_MRM,2026-08-07 07:51:06,2026-08-07 07:51:08,2,1,15,,0,Queue
260807001,CR1_MRM,2026-08-07 07:51:08,2026-08-07 07:51:09,1,1,14,,0,Queue
260807001,CR1_MRM,2026-08-07 07:51:09,2026-08-07 07:52:59,110,1,13,,0,Queue
260807001,CR1_MRM,2026-08-07 07:52:59,2026-08-07 07:53:00,1,1,12,,0,Queue
260807001,CR1_MRM,2026-08-07 07:53:00,2026-08-07 07:53:47,47,1,11,,0,Queue
260807001,CR1_MRM,2026-08-07 07:53:47,2026-08-07 07:53:48,1,1,10,,0,Queue
260807001,CR1_MRM,2026-08-07 07:53:48,2026-08-07 07:56:39,171,1,9,,0,Queue
260807001,CR1_MRM,2026-08-07 07:56:39,2026-08-07 07:56:40,1,1,8,,0,Queue
260807001,CR1_MRM,2026-08-07 07:56:40,2026-08-07 07:56:40,0,1,7,,0,Queue
260807001,CR1_MRM,2026-08-07 07:56:40,2026-08-07 07:56:41,1,1,6,,0,Queue
260807001,CR1_MRM,2026-08-07 07:56:41,2026-08-07 07:56:50,9,1,5,,0,Queue
260807001,CR1_MRM,2026-08-07 07:56:50,2026-08-07 07:56:51,1,1,4,,0,Queue
260807001,CR1_MRM,2026-08-07 07:56:51,2026-08-07 07:57:46,55,1,3,,0,Queue
260807001,CR1_MRM,2026-08-07 07:57:46,2026-08-07 07:57:47,1,1,2,,0,Queue
260807001,CR1_MRM,2026-08-07 07:57:47,,,1,1,,0,Queue
260807001,CR2_JPM,2026-08-07 05:59:59,2026-08-07 06:00:00,1,-1,288,0,0,Hang
260807001,CR2_JPM,2026-08-07 06:00:00,2026-08-07 06:00:14,14,0,287,1,0,Good
260807001,CR2_JPM,2026-08-07 06:00:14,2026-08-07 06:00:15,1,0,286,1,0,Good
260807001,CR2_JPM,2026-08-07 06:00:15,2026-08-07 06:00:27,12,0,285,2,0,Good
260807001,CR2_JPM,2026-08-07 06:00:27,2026-08-07 06:00:28,1,0,284,2,0,Good
260807001,CR2_JPM,2026-08-07 06:00:28,2026-08-07 06:00:58,30,0,283,1,0,Good
260807001,CR2_JPM,2026-08-07 06:00:58,2026-08-07 06:00:59,1,0,282,1,0,Good
260807001,CR2_JPM,2026-08-07 06:00:59,2026-08-07 06:01:25,26,0,281,2,0,Good
260807001,CR2_JPM,2026-08-07 06:01:25,2026-08-07 06:01:26,1,0,280,2,0,Good
260807001,CR2_JPM,2026-08-07 06:01:26,2026-08-07 06:02:18,52,0,279,3,1,Queue
260807001,CR2_JPM,2026-08-07 06:02:18,2026-08-07 06:02:19,1,0,278,3,1,Queue
260807001,CR2_JPM,2026-08-07 06:02:19,2026-08-07 06:03:03,44,0,277,2,0,Good
260807001,CR2_JPM,2026-08-07 06:03:03,2026-08-07 06:03:04,1,0,276,2,0,Good
260807001,CR2_JPM,2026-08-07 06:03:04,2026-08-07 06:03:35,31,0,275,3,1,Queue
260807001,CR2_JPM,2026-08-07 06:03:35,2026-08-07 06:03:36,1,0,274,3,1,Queue
260807001,CR2_JPM,2026-08-07 06:03:36,2026-08-07 06:04:07,31,0,273,2,0,Good
260807001,CR2_JPM,2026-08-07 06:04:07,2026-08-07 06:04:08,1,0,272,2,0,Good
260807001,CR2_JPM,2026-08-07 06:04:08,2026-08-07 06:04:52,44,0,271,3,1,Queue
260807001,CR2_JPM,2026-08-07 06:04:52,2026-08-07 06:04:53,1,0,270,3,1,Queue
260807001,CR2_JPM,2026-08-07 06:04:53,2026-08-07 06:05:05,12,0,269,4,2,Queue
260807001,CR2_JPM,2026-08-07 06:05:05,2026-08-07 06:05:06,1,0,268,4,2,Queue
260807001,CR2_JPM,2026-08-07 06:05:06,2026-08-07 06:06:21,75,0,267,3,1,Queue
260807001,CR2_JPM,2026-08-07 06:06:21,2026-08-07 06:06:22,1,0,266,3,1,Queue
260807001,CR2_JPM,2026-08-07 06:06:22,2026-08-07 06:08:26,124,0,265,2,0,Good
260807001,CR2_JPM,2026-08-07 06:08:26,2026-08-07 06:08:27,1,0,264,2,0,Good
260807001,CR2_JPM,2026-08-07 06:08:27,2026-08-07 06:09:10,43,0,263,1,0,Good
260807001,CR2_JPM,2026-08-07 06:09:10,2026-08-07 06:09:11,1,0,262,1,0,Good
260807001,CR2_JPM,2026-08-07 06:09:11,2026-08-07 06:10:41,90,0,261,0,0,Hang
260807001,CR2_JPM,2026-08-07 06:10:41,2026-08-07 06:10:42,1,0,260,0,0,Hang
260807001,CR2_JPM,2026-08-07 06:10:42,2026-08-07 06:11:34,52,0,259,1,0,Good
260807001,CR2_JPM,2026-08-07 06:11:34,2026-08-07 06:11:35,1,0,258,1,0,Good
260807001,CR2_JPM,2026-08-07 06:11:35,2026-08-07 06:16:20,285,0,257,0,0,Hang
260807001,CR2_JPM,2026-08-07 06:16:20,2026-08-07 06:16:21,1,0,256,0,0,Hang
260807001,CR2_JPM,2026-08-07 06:16:21,2026-08-07 06:17:09,48,0,255,1,0,Good
260807001,CR2_JPM,2026-08-07 06:17:09,2026-08-07 06:17:10,1,0,254,1,0,Good
260807001,CR2_JPM,2026-08-07 06:17:10,2026-08-07 06:17:12,2,0,253,2,0,Good
260807001,CR2_JPM,2026-08-07 06:17:12,2026-08-07 06:17:13,1,0,252,2,0,Good
260807001,CR2_JPM,2026-08-07 06:17:13,2026-08-07 06:17:32,19,0,251,3,1,Queue
260807001,CR2_JPM,2026-08-07 06:17:32,2026-08-07 06:17:33,1,0,250,3,1,Queue
260807001,CR2_JPM,2026-08-07 06:17:33,2026-08-07 06:18:14,41,0,249,2,0,Good
260807001,CR2_JPM,2026-08-07 06:18:14,2026-08-07 06:18:15,1,0,248,2,0,Good
260807001,CR2_JPM,2026-08-07 06:18:15,2026-08-07 06:19:11,56,0,247,1,0,Good
260807001,CR2_JPM,2026-08-07 06:19:11,2026-08-07 06:19:12,1,0,246,1,0,Good
260807001,CR2_JPM,2026-08-07 06:19:12,2026-08-07 06:20:48,96,0,245,0,0,Hang
260807001,CR2_JPM,2026-08-07 06:20:48,2026-08-07 06:20:49,1,0,244,0,0,Hang
260807001,CR2_JPM,2026-08-07 06:20:49,2026-08-07 06:21:05,16,0,243,1,0,Good
260807001,CR2_JPM,2026-08-07 06:21:05,2026-08-07 06:21:06,1,0,242,1,0,Good
260807001,CR2_JPM,2026-08-07 06:21:06,2026-08-07 06:22:06,60,0,241,2,0,Good
260807001,CR2_JPM,2026-08-07 06:22:06,2026-08-07 06:22:07,1,0,240,2,0,Good
260807001,CR2_JPM,2026-08-07 06:22:07,2026-08-07 06:22:35,28,0,239,1,0,Good
260807001,CR2_JPM,2026-08-07 06:22:35,2026-08-07 06:22:36,1,0,238,1,0,Good
260807001,CR2_JPM,2026-08-07 06:22:36,2026-08-07 06:22:37,1,0,237,0,0,Hang
260807001,CR2_JPM,2026-08-07 06:22:37,2026-08-07 06:22:38,1,0,236,0,0,Hang
260807001,CR2_JPM,2026-08-07 06:22:38,2026-08-07 06:22:53,15,0,235,1,0,Good
260807001,CR2_JPM,2026-08-07 06:22:53,2026-08-07 06:22:54,1,0,234,1,0,Good
260807001,CR2_JPM,2026-08-07 06:22:54,2026-08-07 06:23:41,47,0,233,2,0,Good
260807001,CR2_JPM,2026-08-07 06:23:41,2026-08-07 06:23:42,1,0,232,2,0,Good
260807001,CR2_JPM,2026-08-07 06:23:42,2026-08-07 06:24:01,19,0,231,1,0,Good
260807001,CR2_JPM,2026-08-07 06:24:01,2026-08-07 06:24:02,1,0,230,1,0,Good
260807001,CR2_JPM,2026-08-07 06:24:02,2026-08-07 06:24:09,7,0,229,2,0,Good
260807001,CR2_JPM,2026-08-07 06:24:09,2026-08-07 06:24:10,1,0,228,2,0,Good
260807001,CR2_JPM,2026-08-07 06:24:10,2026-08-07 06:24:50,40,0,227,1,0,Good
260807001,CR2_JPM,2026-08-07 06:24:50,2026-08-07 06:24:51,1,0,226,1,0,Good
260807001,CR2_JPM,2026-08-07 06:24:51,2026-08-07 06:26:28,97,0,225,0,0,Hang
260807001,CR2_JPM,2026-08-07 06:26:28,2026-08-07 06:26:29,1,0,224,0,0,Hang
260807001,CR2_JPM,2026-08-07 06:26:29,2026-08-07 06:26:30,1,0,223,1,0,Good
260807001,CR2_JPM,2026-08-07 06:26:30,2026-08-07 06:26:31,1,0,222,1,0,Good
260807001,CR2_JPM,2026-08-07 06:26:31,2026-08-07 06:26:40,9,0,221,2,0,Good
260807001,CR2_JPM,2026-08-07 06:26:40,2026-08-07 06:26:41,1,0,220,2,0,Good
260807001,CR2_JPM,2026-08-07 06:26:41,2026-08-07 06:27:29,48,0,219,3,1,Queue
260807001,CR2_JPM,2026-08-07 06:27:29,2026-08-07 06:27:30,1,0,218,3,1,Queue
260807001,CR2_JPM,2026-08-07 06:27:30,2026-08-07 06:27:41,11,0,217,2,0,Good
260807001,CR2_JPM,2026-08-07 06:27:41,2026-08-07 06:27:42,1,0,216,2,0,Good
260807001,CR2_JPM,2026-08-07 06:27:42,2026-08-07 06:28:16,34,0,215,1,0,Good
260807001,CR2_JPM,2026-08-07 06:28:16,2026-08-07 06:28:17,1,0,214,1,0,Good
260807001,CR2_JPM,2026-08-07 06:28:17,2026-08-07 06:29:10,53,0,213,2,0,Good
260807001,CR2_JPM,2026-08-07 06:29:10,2026-08-07 06:29:11,1,0,212,2,0,Good
260807001,CR2_JPM,2026-08-07 06:29:11,2026-08-07 06:29:33,22,0,211,1,0,Good
260807001,CR2_JPM,2026-08-07 06:29:33,2026-08-07 06:29:34,1,0,210,1,0,Good
260807001,CR2_JPM,2026-08-07 06:29:34,2026-08-07 06:29:40,6,0,209,2,0,Good
260807001,CR2_JPM,2026-08-07 06:29:40,2026-08-07 06:29:41,1,0,208,2,0,Good
260807001,CR2_JPM,2026-08-07 06:29:41,2026-08-07 06:30:27,46,0,207,3,1,Queue
260807001,CR2_JPM,2026-08-07 06:30:27,2026-08-07 06:30:28,1,0,206,3,1,Queue
260807001,CR2_JPM,2026-08-07 06:30:28,2026-08-07 06:33:06,158,0,205,2,0,Queue
260807001,CR2_JPM,2026-08-07 06:33:06,2026-08-07 06:33:07,1,0,204,2,0,Good
260807001,CR2_JPM,2026-08-07 06:33:07,2026-08-07 06:35:07,120,0,203,1,0,Good
260807001,CR2_JPM,2026-08-07 06:35:07,2026-08-07 06:35:08,1,0,202,1,0,Good
260807001,CR2_JPM,2026-08-07 06:35:08,2026-08-07 06:35:17,9,0,201,2,0,Good
260807001,CR2_JPM,2026-08-07 06:35:17,2026-08-07 06:35:18,1,0,200,2,0,Good
260807001,CR2_JPM,2026-08-07 06:35:18,2026-08-07 06:35:36,18,0,199,1,0,Good
260807001,CR2_JPM,2026-08-07 06:35:36,2026-08-07 06:35:37,1,0,198,1,0,Good
260807001,CR2_JPM,2026-08-07 06:35:37,2026-08-07 06:36:34,57,0,197,2,0,Good
260807001,CR2_JPM,2026-08-07 06:36:34,2026-08-07 06:36:35,1,0,196,2,0,Good
260807001,CR2_JPM,2026-08-07 06:36:35,2026-08-07 06:36:45,10,0,195,1,0,Good
260807001,CR2_JPM,2026-08-07 06:36:45,2026-08-07 06:36:46,1,0,194,1,0,Good
260807001,CR2_JPM,2026-08-07 06:36:46,2026-08-07 06:37:08,22,0,193,0,0,Hang
260807001,CR2_JPM,2026-08-07 06:37:08,2026-08-07 06:37:09,1,0,192,0,0,Hang
260807001,CR2_JPM,2026-08-07 06:37:09,2026-08-07 06:38:56,107,0,191,1,0,Good
260807001,CR2_JPM,2026-08-07 06:38:56,2026-08-07 06:38:57,1,0,190,1,0,Good
260807001,CR2_JPM,2026-08-07 06:38:57,2026-08-07 06:43:33,276,0,189,0,0,Hang
260807001,CR2_JPM,2026-08-07 06:43:33,2026-08-07 06:43:34,1,0,188,0,0,Hang
260807001,CR2_JPM,2026-08-07 06:43:34,2026-08-07 06:43:37,3,0,187,1,0,Good
260807001,CR2_JPM,2026-08-07 06:43:37,2026-08-07 06:43:38,1,0,186,1,0,Good
260807001,CR2_JPM,2026-08-07 06:43:38,2026-08-07 06:43:50,12,0,185,2,0,Good
260807001,CR2_JPM,2026-08-07 06:43:50,2026-08-07 06:43:51,1,0,184,2,0,Good
260807001,CR2_JPM,2026-08-07 06:43:51,2026-08-07 06:44:51,60,0,183,1,0,Good
260807001,CR2_JPM,2026-08-07 06:44:51,2026-08-07 06:44:52,1,0,182,1,0,Good
260807001,CR2_JPM,2026-08-07 06:44:52,2026-08-07 06:45:04,12,0,181,0,0,Hang
260807001,CR2_JPM,2026-08-07 06:45:04,2026-08-07 06:45:05,1,0,180,0,0,Hang
260807001,CR2_JPM,2026-08-07 06:45:05,2026-08-07 06:46:22,77,0,179,1,0,Good
260807001,CR2_JPM,2026-08-07 06:46:22,2026-08-07 06:46:23,1,0,178,1,0,Good
260807001,CR2_JPM,2026-08-07 06:46:23,2026-08-07 06:46:49,26,0,177,0,0,Hang
260807001,CR2_JPM,2026-08-07 06:46:49,2026-08-07 06:46:50,1,0,176,0,0,Hang
260807001,CR2_JPM,2026-08-07 06:46:50,2026-08-07 06:47:23,33,0,175,1,0,Good
260807001,CR2_JPM,2026-08-07 06:47:23,2026-08-07 06:47:24,1,0,174,1,0,Good
260807001,CR2_JPM,2026-08-07 06:47:24,2026-08-07 06:48:01,37,0,173,2,0,Good
260807001,CR2_JPM,2026-08-07 06:48:01,2026-08-07 06:48:02,1,0,172,2,0,Good
260807001,CR2_JPM,2026-08-07 06:48:02,2026-08-07 06:48:02,0,0,171,1,0,Good
260807001,CR2_JPM,2026-08-07 06:48:02,2026-08-07 06:48:03,1,0,170,1,0,Good
260807001,CR2_JPM,2026-08-07 06:48:03,2026-08-07 06:48:27,24,0,169,2,0,Good
260807001,CR2_JPM,2026-08-07 06:48:27,2026-08-07 06:48:28,1,0,168,2,0,Good
260807001,CR2_JPM,2026-08-07 06:48:28,2026-08-07 06:48:32,4,0,167,3,1,Queue
260807001,CR2_JPM,2026-08-07 06:48:32,2026-08-07 06:48:33,1,0,166,3,1,Queue
260807001,CR2_JPM,2026-08-07 06:48:33,2026-08-07 06:49:29,56,0,165,2,0,Good
260807001,CR2_JPM,2026-08-07 06:49:29,2026-08-07 06:49:30,1,0,164,2,0,Good
260807001,CR2_JPM,2026-08-07 06:49:30,2026-08-07 06:49:36,6,0,163,1,0,Good
260807001,CR2_JPM,2026-08-07 06:49:36,2026-08-07 06:49:37,1,0,162,1,0,Good
260807001,CR2_JPM,2026-08-07 06:49:37,2026-08-07 06:50:01,24,0,161,0,0,Hang
260807001,CR2_JPM,2026-08-07 06:50:01,2026-08-07 06:50:02,1,0,160,0,0,Hang
260807001,CR2_JPM,2026-08-07 06:50:02,2026-08-07 06:50:29,27,0,159,1,0,Good
260807001,CR2_JPM,2026-08-07 06:50:29,2026-08-07 06:50:30,1,0,158,1,0,Good
260807001,CR2_JPM,2026-08-07 06:50:30,2026-08-07 06:50:56,26,0,157,2,0,Good
260807001,CR2_JPM,2026-08-07 06:50:56,2026-08-07 06:50:57,1,0,156,2,0,Good
260807001,CR2_JPM,2026-08-07 06:50:57,2026-08-07 06:52:43,106,0,155,1,0,Good
260807001,CR2_JPM,2026-08-07 06:52:43,2026-08-07 06:52:44,1,0,153,1,0,Good
260807001,CR2_JPM,2026-08-07 06:52:43,2026-08-07 06:52:43,0,0,154,2,0,Good
260807001,CR2_JPM,2026-08-07 06:52:44,2026-08-07 06:53:30,46,0,151,1,0,Good
260807001,CR2_JPM,2026-08-07 06:52:44,2026-08-07 06:52:44,0,0,152,2,0,Good
260807001,CR2_JPM,2026-08-07 06:53:30,2026-08-07 06:53:31,1,0,150,1,0,Good
260807001,CR2_JPM,2026-08-07 06:53:31,2026-08-07 06:53:31,0,0,149,2,0,Good
260807001,CR2_JPM,2026-08-07 06:53:31,2026-08-07 06:53:32,1,0,148,2,0,Good
260807001,CR2_JPM,2026-08-07 06:53:32,2026-08-07 06:55:35,123,0,147,1,0,Good
260807001,CR2_JPM,2026-08-07 06:55:35,2026-08-07 06:55:36,1,0,146,1,0,Good
260807001,CR2_JPM,2026-08-07 06:55:36,2026-08-07 06:58:54,198,0,145,0,0,Hang
260807001,CR2_JPM,2026-08-07 06:58:54,2026-08-07 06:58:55,1,0,144,0,0,Hang
260807001,CR2_JPM,2026-08-07 06:58:55,2026-08-07 06:59:07,12,0,143,1,0,Good
260807001,CR2_JPM,2026-08-07 06:59:07,2026-08-07 06:59:08,1,0,142,1,0,Good
260807001,CR2_JPM,2026-08-07 06:59:08,2026-08-07 07:00:08,60,0,141,2,0,Good
260807001,CR2_JPM,2026-08-07 07:00:08,2026-08-07 07:00:09,1,1,140,2,0,Good
260807001,CR2_JPM,2026-08-07 07:00:09,2026-08-07 07:00:13,4,1,139,1,0,Good
260807001,CR2_JPM,2026-08-07 07:00:13,2026-08-07 07:00:14,1,1,138,1,0,Good
260807001,CR2_JPM,2026-08-07 07:00:14,2026-08-07 07:01:28,74,1,137,0,0,Hang
260807001,CR2_JPM,2026-08-07 07:01:28,2026-08-07 07:01:29,1,1,136,0,0,Hang
260807001,CR2_JPM,2026-08-07 07:01:29,2026-08-07 07:02:19,50,1,135,1,0,Good
260807001,CR2_JPM,2026-08-07 07:02:19,2026-08-07 07:02:20,1,1,134,1,0,Good
260807001,CR2_JPM,2026-08-07 07:02:20,2026-08-07 07:02:34,14,1,133,2,0,Good
260807001,CR2_JPM,2026-08-07 07:02:34,2026-08-07 07:02:35,1,1,132,2,0,Good
260807001,CR2_JPM,2026-08-07 07:02:35,2026-08-07 07:03:22,47,1,131,1,0,Good
260807001,CR2_JPM,2026-08-07 07:03:22,2026-08-07 07:03:23,1,1,130,1,0,Good
260807001,CR2_JPM,2026-08-07 07:03:23,2026-08-07 07:05:36,133,1,129,0,0,Hang
260807001,CR2_JPM,2026-08-07 07:05:36,2026-08-07 07:05:37,1,1,128,0,0,Hang
260807001,CR2_JPM,2026-08-07 07:05:37,2026-08-07 07:07:01,84,1,127,1,0,Good
260807001,CR2_JPM,2026-08-07 07:07:01,2026-08-07 07:07:02,1,1,126,1,0,Good
260807001,CR2_JPM,2026-08-07 07:07:02,2026-08-07 07:09:07,125,1,125,0,0,Hang
260807001,CR2_JPM,2026-08-07 07:09:07,2026-08-07 07:09:08,1,1,124,0,0,Hang
260807001,CR2_JPM,2026-08-07 07:09:08,2026-08-07 07:09:30,22,1,123,1,0,Good
260807001,CR2_JPM,2026-08-07 07:09:30,2026-08-07 07:09:31,1,1,122,1,0,Good
260807001,CR2_JPM,2026-08-07 07:09:31,2026-08-07 07:09:32,1,1,121,2,0,Good
260807001,CR2_JPM,2026-08-07 07:09:32,2026-08-07 07:09:33,1,1,120,2,0,Good
260807001,CR2_JPM,2026-08-07 07:09:33,2026-08-07 07:09:38,5,1,119,3,1,Queue
260807001,CR2_JPM,2026-08-07 07:09:38,2026-08-07 07:09:39,1,1,118,3,1,Queue
260807001,CR2_JPM,2026-08-07 07:09:39,2026-08-07 07:10:20,41,1,117,4,2,Queue
260807001,CR2_JPM,2026-08-07 07:10:20,2026-08-07 07:10:21,1,1,116,4,2,Queue
260807001,CR2_JPM,2026-08-07 07:10:21,2026-08-07 07:10:32,11,1,115,3,1,Queue
260807001,CR2_JPM,2026-08-07 07:10:32,2026-08-07 07:10:33,1,1,114,3,1,Queue
260807001,CR2_JPM,2026-08-07 07:10:33,2026-08-07 07:10:55,22,1,113,2,0,Good
260807001,CR2_JPM,2026-08-07 07:10:55,2026-08-07 07:10:56,1,1,112,2,0,Good
260807001,CR2_JPM,2026-08-07 07:10:56,2026-08-07 07:11:02,6,1,111,3,1,Queue
260807001,CR2_JPM,2026-08-07 07:11:02,2026-08-07 07:11:03,1,1,110,3,1,Queue
260807001,CR2_JPM,2026-08-07 07:11:03,2026-08-07 07:11:45,42,1,109,4,2,Queue
260807001,CR2_JPM,2026-08-07 07:11:45,2026-08-07 07:11:46,1,1,107,3,1,Queue
260807001,CR2_JPM,2026-08-07 07:11:45,2026-08-07 07:11:45,0,1,108,4,2,Queue
260807001,CR2_JPM,2026-08-07 07:11:46,2026-08-07 07:13:14,88,1,105,2,0,Good
260807001,CR2_JPM,2026-08-07 07:11:46,2026-08-07 07:11:46,0,1,106,3,1,Queue
260807001,CR2_JPM,2026-08-07 07:13:14,2026-08-07 07:13:15,1,1,104,2,0,Good
260807001,CR2_JPM,2026-08-07 07:13:15,2026-08-07 07:13:51,36,1,103,1,0,Good
260807001,CR2_JPM,2026-08-07 07:13:51,2026-08-07 07:13:52,1,1,102,1,0,Good
260807001,CR2_JPM,2026-08-07 07:13:52,2026-08-07 07:14:07,15,1,101,0,0,Hang
260807001,CR2_JPM,2026-08-07 07:14:07,2026-08-07 07:14:08,1,1,100,0,0,Hang
260807001,CR2_JPM,2026-08-07 07:14:08,2026-08-07 07:15:04,56,1,99,1,0,Good
260807001,CR2_JPM,2026-08-07 07:15:04,2026-08-07 07:15:05,1,1,98,1,0,Good
260807001,CR2_JPM,2026-08-07 07:15:05,2026-08-07 07:15:52,47,1,97,2,0,Good
260807001,CR2_JPM,2026-08-07 07:15:52,2026-08-07 07:15:53,1,1,96,2,0,Good
260807001,CR2_JPM,2026-08-07 07:15:53,2026-08-07 07:17:11,78,1,95,1,0,Good
260807001,CR2_JPM,2026-08-07 07:17:11,2026-08-07 07:17:12,1,1,94,1,0,Good
260807001,CR2_JPM,2026-08-07 07:17:12,2026-08-07 07:17:49,37,1,93,2,0,Good
260807001,CR2_JPM,2026-08-07 07:17:49,2026-08-07 07:17:50,1,1,92,2,0,Good
260807001,CR2_JPM,2026-08-07 07:17:50,2026-08-07 07:19:08,78,1,91,1,0,Good
260807001,CR2_JPM,2026-08-07 07:19:08,2026-08-07 07:19:09,1,1,90,1,0,Good
260807001,CR2_JPM,2026-08-07 07:19:09,2026-08-07 07:21:45,156,1,89,0,0,Hang
260807001,CR2_JPM,2026-08-07 07:21:45,2026-08-07 07:21:46,1,1,88,0,0,Hang
260807001,CR2_JPM,2026-08-07 07:21:46,2026-08-07 07:22:02,16,1,87,1,0,Good
260807001,CR2_JPM,2026-08-07 07:22:02,2026-08-07 07:22:03,1,1,86,1,0,Good
260807001,CR2_JPM,2026-08-07 07:22:03,2026-08-07 07:22:50,47,1,85,2,0,Good
260807001,CR2_JPM,2026-08-07 07:22:50,2026-08-07 07:22:51,1,1,84,2,0,Good
260807001,CR2_JPM,2026-08-07 07:22:51,2026-08-07 07:23:16,25,1,83,1,0,Good
260807001,CR2_JPM,2026-08-07 07:23:16,2026-08-07 07:23:17,1,1,82,1,0,Good
260807001,CR2_JPM,2026-08-07 07:23:17,2026-08-07 07:23:22,5,1,81,0,0,Hang
260807001,CR2_JPM,2026-08-07 07:23:22,2026-08-07 07:23:23,1,1,80,0,0,Hang
260807001,CR2_JPM,2026-08-07 07:23:23,2026-08-07 07:24:15,52,1,79,1,0,Good
260807001,CR2_JPM,2026-08-07 07:24:15,2026-08-07 07:24:16,1,1,78,1,0,Good
260807001,CR2_JPM,2026-08-07 07:24:16,2026-08-07 07:24:35,19,1,77,2,0,Good
260807001,CR2_JPM,2026-08-07 07:24:35,2026-08-07 07:24:36,1,1,76,2,0,Good
260807001,CR2_JPM,2026-08-07 07:24:36,2026-08-07 07:25:49,73,1,75,1,0,Good
260807001,CR2_JPM,2026-08-07 07:25:49,2026-08-07 07:25:50,1,1,74,1,0,Good
260807001,CR2_JPM,2026-08-07 07:25:50,2026-08-07 07:26:35,45,1,73,0,0,Hang
260807001,CR2_JPM,2026-08-07 07:26:35,2026-08-07 07:26:36,1,1,72,0,0,Hang
260807001,CR2_JPM,2026-08-07 07:26:36,2026-08-07 07:27:43,67,1,71,1,0,Good
260807001,CR2_JPM,2026-08-07 07:27:43,2026-08-07 07:27:44,1,1,70,1,0,Good
260807001,CR2_JPM,2026-08-07 07:27:44,2026-08-07 07:30:01,137,1,69,0,0,Hang
260807001,CR2_JPM,2026-08-07 07:30:01,2026-08-07 07:30:02,1,1,68,0,0,Hang
260807001,CR2_JPM,2026-08-07 07:30:02,2026-08-07 07:31:38,96,1,67,1,0,Good
260807001,CR2_JPM,2026-08-07 07:31:38,2026-08-07 07:31:39,1,1,66,1,0,Good
260807001,CR2_JPM,2026-08-07 07:31:39,2026-08-07 07:32:40,61,1,65,0,0,Hang
260807001,CR2_JPM,2026-08-07 07:32:40,2026-08-07 07:32:41,1,1,64,0,0,Hang
260807001,CR2_JPM,2026-08-07 07:32:41,2026-08-07 07:33:54,73,1,63,1,0,Good
260807001,CR2_JPM,2026-08-07 07:33:54,2026-08-07 07:33:55,1,1,62,1,0,Good
260807001,CR2_JPM,2026-08-07 07:33:55,2026-08-07 07:34:06,11,1,61,2,0,Good
260807001,CR2_JPM,2026-08-07 07:34:06,2026-08-07 07:34:07,1,1,60,2,0,Good
260807001,CR2_JPM,2026-08-07 07:34:07,2026-08-07 07:34:31,24,1,59,1,0,Good
260807001,CR2_JPM,2026-08-07 07:34:31,2026-08-07 07:34:32,1,1,58,1,0,Good
260807001,CR2_JPM,2026-08-07 07:34:32,2026-08-07 07:35:38,66,1,57,2,0,Good
260807001,CR2_JPM,2026-08-07 07:35:38,2026-08-07 07:35:39,1,1,56,2,0,Good
260807001,CR2_JPM,2026-08-07 07:35:39,2026-08-07 07:35:44,5,1,55,1,0,Good
260807001,CR2_JPM,2026-08-07 07:35:44,2026-08-07 07:35:45,1,1,54,1,0,Good
260807001,CR2_JPM,2026-08-07 07:35:45,2026-08-07 07:37:37,112,1,53,0,0,Hang
260807001,CR2_JPM,2026-08-07 07:37:37,2026-08-07 07:37:38,1,1,52,0,0,Hang
260807001,CR2_JPM,2026-08-07 07:37:38,2026-08-07 07:38:12,34,1,51,1,0,Good
260807001,CR2_JPM,2026-08-07 07:38:12,2026-08-07 07:38:13,1,1,50,1,0,Good
260807001,CR2_JPM,2026-08-07 07:38:13,2026-08-07 07:38:23,10,1,49,2,0,Good
260807001,CR2_JPM,2026-08-07 07:38:23,2026-08-07 07:38:24,1,1,48,2,0,Good
260807001,CR2_JPM,2026-08-07 07:38:24,2026-08-07 07:39:21,57,1,47,1,0,Good
260807001,CR2_JPM,2026-08-07 07:39:21,2026-08-07 07:39:22,1,1,46,1,0,Good
260807001,CR2_JPM,2026-08-07 07:39:22,2026-08-07 07:39:25,3,1,45,0,0,Hang
260807001,CR2_JPM,2026-08-07 07:39:25,2026-08-07 07:39:26,1,1,44,0,0,Hang
260807001,CR2_JPM,2026-08-07 07:39:26,2026-08-07 07:39:43,17,1,43,1,0,Good
260807001,CR2_JPM,2026-08-07 07:39:43,2026-08-07 07:39:44,1,1,42,1,0,Good
260807001,CR2_JPM,2026-08-07 07:39:44,2026-08-07 07:40:31,47,1,41,2,0,Good
260807001,CR2_JPM,2026-08-07 07:40:31,2026-08-07 07:40:32,1,1,40,2,0,Good
260807001,CR2_JPM,2026-08-07 07:40:32,2026-08-07 07:40:37,5,1,39,1,0,Good
260807001,CR2_JPM,2026-08-07 07:40:37,2026-08-07 07:40:38,1,1,38,1,0,Good
260807001,CR2_JPM,2026-08-07 07:40:38,2026-08-07 07:41:08,30,1,37,2,0,Good
260807001,CR2_JPM,2026-08-07 07:41:08,2026-08-07 07:41:09,1,1,36,2,0,Good
260807001,CR2_JPM,2026-08-07 07:41:09,2026-08-07 07:41:55,46,1,35,1,0,Good
260807001,CR2_JPM,2026-08-07 07:41:55,2026-08-07 07:41:56,1,1,34,1,0,Good
260807001,CR2_JPM,2026-08-07 07:41:56,2026-08-07 07:45:57,241,1,33,0,0,Hang
260807001,CR2_JPM,2026-08-07 07:45:57,2026-08-07 07:45:58,1,1,32,0,0,Hang
260807001,CR2_JPM,2026-08-07 07:45:58,2026-08-07 07:46:24,26,1,31,1,0,Good
260807001,CR2_JPM,2026-08-07 07:46:24,2026-08-07 07:46:25,1,1,30,1,0,Good
260807001,CR2_JPM,2026-08-07 07:46:25,2026-08-07 07:47:20,55,1,29,2,0,Good
260807001,CR2_JPM,2026-08-07 07:47:20,2026-08-07 07:47:21,1,1,28,2,0,Good
260807001,CR2_JPM,2026-08-07 07:47:21,2026-08-07 07:47:25,4,1,27,1,0,Good
260807001,CR2_JPM,2026-08-07 07:47:25,2026-08-07 07:47:26,1,1,26,1,0,Good
260807001,CR2_JPM,2026-08-07 07:47:26,2026-08-07 07:50:10,164,1,25,0,0,Hang
260807001,CR2_JPM,2026-08-07 07:50:10,2026-08-07 07:50:11,1,1,24,0,0,Hang
260807001,CR2_JPM,2026-08-07 07:50:11,2026-08-07 07:50:18,7,1,23,1,0,Good
260807001,CR2_JPM,2026-08-07 07:50:18,2026-08-07 07:50:19,1,1,22,1,0,Good
260807001,CR2_JPM,2026-08-07 07:50:19,2026-08-07 07:50:19,0,1,21,2,0,Good
260807001,CR2_JPM,2026-08-07 07:50:19,2026-08-07 07:50:20,1,1,20,2,0,Good
260807001,CR2_JPM,2026-08-07 07:50:20,2026-08-07 07:50:31,11,1,19,3,1,Queue
260807001,CR2_JPM,2026-08-07 07:50:31,2026-08-07 07:50:32,1,1,18,3,1,Queue
260807001,CR2_JPM,2026-08-07 07:50:32,2026-08-07 07:51:27,55,1,17,4,2,Queue
260807001,CR2_JPM,2026-08-07 07:51:27,2026-08-07 07:51:28,1,1,16,4,2,Queue
260807001,CR2_JPM,2026-08-07 07:51:28,2026-08-07 07:51:45,17,1,15,3,1,Queue
260807001,CR2_JPM,2026-08-07 07:51:45,2026-08-07 07:51:46,1,1,14,3,1,Queue
260807001,CR2_JPM,2026-08-07 07:51:46,2026-08-07 07:52:42,56,1,13,2,0,Good
260807001,CR2_JPM,2026-08-07 07:52:42,2026-08-07 07:52:43,1,1,12,2,0,Good
260807001,CR2_JPM,2026-08-07 07:52:43,2026-08-07 07:53:11,28,1,11,1,0,Good
260807001,CR2_JPM,2026-08-07 07:53:11,2026-08-07 07:53:12,1,1,10,1,0,Good
260807001,CR2_JPM,2026-08-07 07:53:12,2026-08-07 07:53:34,22,1,9,0,0,Hang
260807001,CR2_JPM,2026-08-07 07:53:34,2026-08-07 07:53:35,1,1,8,0,0,Hang
260807001,CR2_JPM,2026-08-07 07:53:35,2026-08-07 07:53:54,19,1,7,1,0,Good
260807001,CR2_JPM,2026-08-07 07:53:54,2026-08-07 07:53:55,1,1,6,1,0,Good
260807001,CR2_JPM,2026-08-07 07:53:55,2026-08-07 07:55:36,101,1,5,0,0,Hang
260807001,CR2_JPM,2026-08-07 07:55:36,2026-08-07 07:55:37,1,1,4,0,0,Hang
260807001,CR2_JPM,2026-08-07 07:55:37,2026-08-07 07:56:43,66,1,3,1,0,Good
260807001,CR2_JPM,2026-08-07 07:56:43,2026-08-07 07:56:44,1,1,2,1,0,Good
260807001,CR2_JPM,2026-08-07 07:56:44,,,1,1,0,0,Hang
260807001,CR2_MRM,2026-08-07 05:59:59,2026-08-07 06:00:00,1,-1,212,0,0,Hang
260807001,CR2_MRM,2026-08-07 06:00:00,2026-08-07 06:00:43,43,0,211,1,0,Good
260807001,CR2_MRM,2026-08-07 06:00:43,2026-08-07 06:00:44,1,0,210,1,0,Good
260807001,CR2_MRM,2026-08-07 06:00:44,2026-08-07 06:02:21,97,0,209,2,0,Good
260807001,CR2_MRM,2026-08-07 06:02:21,2026-08-07 06:02:22,1,0,208,2,0,Good
260807001,CR2_MRM,2026-08-07 06:02:22,2026-08-07 06:02:43,21,0,207,1,0,Good
260807001,CR2_MRM,2026-08-07 06:02:43,2026-08-07 06:02:44,1,0,206,1,0,Good
260807001,CR2_MRM,2026-08-07 06:02:44,2026-08-07 06:02:46,2,0,205,2,0,Good
260807001,CR2_MRM,2026-08-07 06:02:46,2026-08-07 06:02:47,1,0,204,2,0,Good
260807001,CR2_MRM,2026-08-07 06:02:47,2026-08-07 06:02:55,8,0,203,1,0,Good
260807001,CR2_MRM,2026-08-07 06:02:55,2026-08-07 06:02:56,1,0,202,1,0,Good
260807001,CR2_MRM,2026-08-07 06:02:56,2026-08-07 06:03:44,48,0,201,2,0,Good
260807001,CR2_MRM,2026-08-07 06:03:44,2026-08-07 06:03:45,1,0,200,2,0,Good
260807001,CR2_MRM,2026-08-07 06:03:45,2026-08-07 06:04:33,48,0,199,1,0,Good
260807001,CR2_MRM,2026-08-07 06:04:33,2026-08-07 06:04:34,1,0,198,1,0,Good
260807001,CR2_MRM,2026-08-07 06:04:34,2026-08-07 06:06:53,139,0,197,2,0,Good
260807001,CR2_MRM,2026-08-07 06:06:53,2026-08-07 06:06:54,1,0,196,2,0,Good
260807001,CR2_MRM,2026-08-07 06:06:54,2026-08-07 06:06:59,5,0,195,1,0,Good
260807001,CR2_MRM,2026-08-07 06:06:59,2026-08-07 06:07:00,1,0,194,1,0,Good
260807001,CR2_MRM,2026-08-07 06:07:00,2026-08-07 06:07:30,30,0,193,2,0,Good
260807001,CR2_MRM,2026-08-07 06:07:30,2026-08-07 06:07:31,1,0,192,2,0,Good
260807001,CR2_MRM,2026-08-07 06:07:31,2026-08-07 06:07:37,6,0,191,3,1,Queue
260807001,CR2_MRM,2026-08-07 06:07:37,2026-08-07 06:07:38,1,0,190,3,1,Queue
260807001,CR2_MRM,2026-08-07 06:07:38,2026-08-07 06:08:28,50,0,189,2,0,Good
260807001,CR2_MRM,2026-08-07 06:08:28,2026-08-07 06:08:29,1,0,188,2,0,Good
260807001,CR2_MRM,2026-08-07 06:08:29,2026-08-07 06:09:00,31,0,187,1,0,Good
260807001,CR2_MRM,2026-08-07 06:09:00,2026-08-07 06:09:01,1,0,186,1,0,Good
260807001,CR2_MRM,2026-08-07 06:09:01,2026-08-07 06:09:59,58,0,185,2,0,Good
260807001,CR2_MRM,2026-08-07 06:09:59,2026-08-07 06:10:00,1,0,184,2,0,Good
260807001,CR2_MRM,2026-08-07 06:10:00,2026-08-07 06:11:19,79,0,183,1,0,Good
260807001,CR2_MRM,2026-08-07 06:11:19,2026-08-07 06:11:20,1,0,182,1,0,Good
260807001,CR2_MRM,2026-08-07 06:11:20,2026-08-07 06:12:09,49,0,181,0,0,Hang
260807001,CR2_MRM,2026-08-07 06:12:09,2026-08-07 06:12:10,1,0,180,0,0,Hang
260807001,CR2_MRM,2026-08-07 06:12:10,2026-08-07 06:12:59,49,0,179,1,0,Good
260807001,CR2_MRM,2026-08-07 06:12:59,2026-08-07 06:13:00,1,0,178,1,0,Good
260807001,CR2_MRM,2026-08-07 06:13:00,2026-08-07 06:13:01,1,0,177,0,0,Hang
260807001,CR2_MRM,2026-08-07 06:13:01,2026-08-07 06:13:02,1,0,176,0,0,Hang
260807001,CR2_MRM,2026-08-07 06:13:02,2026-08-07 06:13:28,26,0,175,1,0,Good
260807001,CR2_MRM,2026-08-07 06:13:28,2026-08-07 06:13:29,1,0,174,1,0,Good
260807001,CR2_MRM,2026-08-07 06:13:29,2026-08-07 06:13:56,27,0,173,2,0,Good
260807001,CR2_MRM,2026-08-07 06:13:56,2026-08-07 06:13:57,1,0,172,2,0,Good
260807001,CR2_MRM,2026-08-07 06:13:57,2026-08-07 06:14:32,35,0,171,1,0,Good
260807001,CR2_MRM,2026-08-07 06:14:32,2026-08-07 06:14:33,1,0,170,1,0,Good
260807001,CR2_MRM,2026-08-07 06:14:33,2026-08-07 06:16:13,100,0,169,0,0,Hang
260807001,CR2_MRM,2026-08-07 06:16:13,2026-08-07 06:16:14,1,0,168,0,0,Hang
260807001,CR2_MRM,2026-08-07 06:16:14,2026-08-07 06:16:41,27,0,167,1,0,Good
260807001,CR2_MRM,2026-08-07 06:16:41,2026-08-07 06:16:42,1,0,166,1,0,Good
260807001,CR2_MRM,2026-08-07 06:16:42,2026-08-07 06:16:50,8,0,165,2,0,Good
260807001,CR2_MRM,2026-08-07 06:16:50,2026-08-07 06:16:51,1,0,164,2,0,Good
260807001,CR2_MRM,2026-08-07 06:16:51,2026-08-07 06:17:06,15,0,163,3,1,Queue
260807001,CR2_MRM,2026-08-07 06:17:06,2026-08-07 06:17:07,1,0,162,3,1,Queue
260807001,CR2_MRM,2026-08-07 06:17:07,2026-08-07 06:18:08,61,0,161,2,0,Good
260807001,CR2_MRM,2026-08-07 06:18:08,2026-08-07 06:18:09,1,0,160,2,0,Good
260807001,CR2_MRM,2026-08-07 06:18:09,2026-08-07 06:18:43,34,0,159,1,0,Good
260807001,CR2_MRM,2026-08-07 06:18:43,2026-08-07 06:18:44,1,0,158,1,0,Good
260807001,CR2_MRM,2026-08-07 06:18:44,2026-08-07 06:20:27,103,0,157,0,0,Hang
260807001,CR2_MRM,2026-08-07 06:20:27,2026-08-07 06:20:28,1,0,156,0,0,Hang
260807001,CR2_MRM,2026-08-07 06:20:28,2026-08-07 06:22:03,95,0,155,1,0,Good
260807001,CR2_MRM,2026-08-07 06:22:03,2026-08-07 06:22:04,1,0,154,1,0,Good
260807001,CR2_MRM,2026-08-07 06:22:04,2026-08-07 06:24:13,129,0,153,0,0,Hang
260807001,CR2_MRM,2026-08-07 06:24:13,2026-08-07 06:24:14,1,0,152,0,0,Hang
260807001,CR2_MRM,2026-08-07 06:24:14,2026-08-07 06:25:05,51,0,151,1,0,Good
260807001,CR2_MRM,2026-08-07 06:25:05,2026-08-07 06:25:06,1,0,150,1,0,Good
260807001,CR2_MRM,2026-08-07 06:25:06,2026-08-07 06:25:13,7,0,149,0,0,Hang
260807001,CR2_MRM,2026-08-07 06:25:13,2026-08-07 06:25:14,1,0,148,0,0,Hang
260807001,CR2_MRM,2026-08-07 06:25:14,2026-08-07 06:26:11,57,0,147,1,0,Good
260807001,CR2_MRM,2026-08-07 06:26:11,2026-08-07 06:26:12,1,0,146,1,0,Good
260807001,CR2_MRM,2026-08-07 06:26:12,2026-08-07 06:27:40,88,0,145,0,0,Hang
260807001,CR2_MRM,2026-08-07 06:27:40,2026-08-07 06:27:41,1,0,144,0,0,Hang
260807001,CR2_MRM,2026-08-07 06:27:41,2026-08-07 06:28:47,66,0,143,1,0,Good
260807001,CR2_MRM,2026-08-07 06:28:47,2026-08-07 06:28:48,1,0,142,1,0,Good
260807001,CR2_MRM,2026-08-07 06:28:48,2026-08-07 06:29:15,27,0,141,0,0,Hang
260807001,CR2_MRM,2026-08-07 06:29:15,2026-08-07 06:29:16,1,0,140,0,0,Hang
260807001,CR2_MRM,2026-08-07 06:29:16,2026-08-07 06:29:23,7,0,139,1,0,Good
260807001,CR2_MRM,2026-08-07 06:29:23,2026-08-07 06:29:24,1,0,138,1,0,Good
260807001,CR2_MRM,2026-08-07 06:29:24,2026-08-07 06:31:04,100,0,137,2,0,Good
260807001,CR2_MRM,2026-08-07 06:31:04,2026-08-07 06:31:05,1,0,136,2,0,Good
260807001,CR2_MRM,2026-08-07 06:31:05,2026-08-07 06:31:53,48,0,135,3,1,Queue
260807001,CR2_MRM,2026-08-07 06:31:53,2026-08-07 06:31:54,1,0,134,3,1,Queue
260807001,CR2_MRM,2026-08-07 06:31:54,2026-08-07 06:32:45,51,0,133,2,0,Good
260807001,CR2_MRM,2026-08-07 06:32:45,2026-08-07 06:32:46,1,0,132,2,0,Good
260807001,CR2_MRM,2026-08-07 06:32:46,2026-08-07 06:32:56,10,0,131,3,1,Queue
260807001,CR2_MRM,2026-08-07 06:32:56,2026-08-07 06:32:57,1,0,130,3,1,Queue
260807001,CR2_MRM,2026-08-07 06:32:57,2026-08-07 06:33:36,39,0,129,2,0,Good
260807001,CR2_MRM,2026-08-07 06:33:36,2026-08-07 06:33:37,1,0,128,2,0,Good
260807001,CR2_MRM,2026-08-07 06:33:37,2026-08-07 06:34:10,33,0,127,1,0,Good
260807001,CR2_MRM,2026-08-07 06:34:10,2026-08-07 06:34:11,1,0,126,1,0,Good
260807001,CR2_MRM,2026-08-07 06:34:11,2026-08-07 06:35:22,71,0,125,0,0,Hang
260807001,CR2_MRM,2026-08-07 06:35:22,2026-08-07 06:35:23,1,0,124,0,0,Hang
260807001,CR2_MRM,2026-08-07 06:35:23,2026-08-07 06:38:22,179,0,123,1,0,Good
260807001,CR2_MRM,2026-08-07 06:38:22,2026-08-07 06:38:23,1,0,122,1,0,Good
260807001,CR2_MRM,2026-08-07 06:38:23,2026-08-07 06:40:01,98,0,121,0,0,Hang
260807001,CR2_MRM,2026-08-07 06:40:01,2026-08-07 06:40:02,1,0,120,0,0,Hang
260807001,CR2_MRM,2026-08-07 06:40:02,2026-08-07 06:40:05,3,0,119,1,0,Good
260807001,CR2_MRM,2026-08-07 06:40:05,2026-08-07 06:40:06,1,0,118,1,0,Good
260807001,CR2_MRM,2026-08-07 06:40:06,2026-08-07 06:40:34,28,0,117,2,0,Good
260807001,CR2_MRM,2026-08-07 06:40:34,2026-08-07 06:40:35,1,0,116,2,0,Good
260807001,CR2_MRM,2026-08-07 06:40:35,2026-08-07 06:43:01,146,0,115,1,0,Good
260807001,CR2_MRM,2026-08-07 06:43:01,2026-08-07 06:43:02,1,0,114,1,0,Good
260807001,CR2_MRM,2026-08-07 06:43:02,2026-08-07 06:43:25,23,0,113,2,0,Good
260807001,CR2_MRM,2026-08-07 06:43:25,2026-08-07 06:43:26,1,0,112,2,0,Good
260807001,CR2_MRM,2026-08-07 06:43:26,2026-08-07 06:46:22,176,0,111,1,0,Good
260807001,CR2_MRM,2026-08-07 06:46:22,2026-08-07 06:46:23,1,0,110,1,0,Good
260807001,CR2_MRM,2026-08-07 06:46:23,2026-08-07 06:46:44,21,0,109,0,0,Hang
260807001,CR2_MRM,2026-08-07 06:46:44,2026-08-07 06:46:45,1,0,108,0,0,Hang
260807001,CR2_MRM,2026-08-07 06:46:45,2026-08-07 06:47:24,39,0,107,1,0,Good
260807001,CR2_MRM,2026-08-07 06:47:24,2026-08-07 06:47:25,1,0,106,1,0,Good
260807001,CR2_MRM,2026-08-07 06:47:25,2026-08-07 06:47:56,31,0,105,2,0,Good
260807001,CR2_MRM,2026-08-07 06:47:56,2026-08-07 06:47:57,1,0,104,2,0,Good
260807001,CR2_MRM,2026-08-07 06:47:57,2026-08-07 06:49:02,65,0,103,1,0,Good
260807001,CR2_MRM,2026-08-07 06:49:02,2026-08-07 06:49:03,1,0,102,1,0,Good
260807001,CR2_MRM,2026-08-07 06:49:03,2026-08-07 06:51:02,119,0,101,2,0,Good
260807001,CR2_MRM,2026-08-07 06:51:02,2026-08-07 06:51:03,1,0,100,2,0,Good
260807001,CR2_MRM,2026-08-07 06:51:03,2026-08-07 06:51:53,50,0,99,1,0,Good
260807001,CR2_MRM,2026-08-07 06:51:53,2026-08-07 06:51:54,1,0,98,1,0,Good
260807001,CR2_MRM,2026-08-07 06:51:54,2026-08-07 06:57:18,324,0,97,0,0,Hang
260807001,CR2_MRM,2026-08-07 06:57:18,2026-08-07 06:57:19,1,0,96,0,0,Hang
260807001,CR2_MRM,2026-08-07 06:57:19,2026-08-07 06:57:49,30,0,95,1,0,Good
260807001,CR2_MRM,2026-08-07 06:57:49,2026-08-07 06:57:50,1,0,94,1,0,Good
260807001,CR2_MRM,2026-08-07 06:57:50,2026-08-07 06:58:06,16,0,93,2,0,Good
260807001,CR2_MRM,2026-08-07 06:58:06,2026-08-07 06:58:07,1,0,92,2,0,Good
260807001,CR2_MRM,2026-08-07 06:58:07,2026-08-07 06:58:30,23,0,91,3,1,Queue
260807001,CR2_MRM,2026-08-07 06:58:30,2026-08-07 06:58:31,1,0,89,2,0,Good
260807001,CR2_MRM,2026-08-07 06:58:30,2026-08-07 06:58:30,0,0,90,3,1,Queue
260807001,CR2_MRM,2026-08-07 06:58:31,2026-08-07 06:59:17,46,0,87,1,0,Good
260807001,CR2_MRM,2026-08-07 06:58:31,2026-08-07 06:58:31,0,0,88,2,0,Good
260807001,CR2_MRM,2026-08-07 06:59:17,2026-08-07 06:59:18,1,0,86,1,0,Good
260807001,CR2_MRM,2026-08-07 06:59:18,2026-08-07 07:00:00,42,0,85,0,0,Hang
260807001,CR2_MRM,2026-08-07 07:00:00,2026-08-07 07:00:01,1,1,84,0,0,Hang
260807001,CR2_MRM,2026-08-07 07:00:01,2026-08-07 07:00:08,7,1,83,1,0,Good
260807001,CR2_MRM,2026-08-07 07:00:08,2026-08-07 07:00:09,1,1,82,1,0,Good
260807001,CR2_MRM,2026-08-07 07:00:09,2026-08-07 07:02:01,112,1,81,2,0,Good
260807001,CR2_MRM,2026-08-07 07:02:01,2026-08-07 07:02:02,1,1,80,2,0,Good
260807001,CR2_MRM,2026-08-07 07:02:02,2026-08-07 07:03:09,67,1,79,1,0,Good
260807001,CR2_MRM,2026-08-07 07:03:09,2026-08-07 07:03:10,1,1,78,1,0,Good
260807001,CR2_MRM,2026-08-07 07:03:10,2026-08-07 07:03:58,48,1,77,2,0,Good
260807001,CR2_MRM,2026-08-07 07:03:58,2026-08-07 07:03:59,1,1,76,2,0,Good
260807001,CR2_MRM,2026-08-07 07:03:59,2026-08-07 07:05:11,72,1,75,1,0,Good
260807001,CR2_MRM,2026-08-07 07:05:11,2026-08-07 07:05:12,1,1,74,1,0,Good
260807001,CR2_MRM,2026-08-07 07:05:12,2026-08-07 07:07:31,139,1,73,2,0,Good
260807001,CR2_MRM,2026-08-07 07:07:31,2026-08-07 07:07:32,1,1,72,2,0,Good
260807001,CR2_MRM,2026-08-07 07:07:32,2026-08-07 07:08:36,64,1,71,1,0,Good
260807001,CR2_MRM,2026-08-07 07:08:36,2026-08-07 07:08:37,1,1,70,1,0,Good
260807001,CR2_MRM,2026-08-07 07:08:37,2026-08-07 07:09:38,61,1,69,2,0,Good
260807001,CR2_MRM,2026-08-07 07:09:38,2026-08-07 07:09:39,1,1,68,2,0,Good
260807001,CR2_MRM,2026-08-07 07:09:39,2026-08-07 07:11:47,128,1,67,1,0,Good
260807001,CR2_MRM,2026-08-07 07:11:47,2026-08-07 07:11:48,1,1,66,1,0,Good
260807001,CR2_MRM,2026-08-07 07:11:48,2026-08-07 07:12:57,69,1,65,0,0,Hang
260807001,CR2_MRM,2026-08-07 07:12:57,2026-08-07 07:12:58,1,1,64,0,0,Hang
260807001,CR2_MRM,2026-08-07 07:12:58,2026-08-07 07:13:44,46,1,63,1,0,Good
260807001,CR2_MRM,2026-08-07 07:13:44,2026-08-07 07:13:45,1,1,62,1,0,Good
260807001,CR2_MRM,2026-08-07 07:13:45,2026-08-07 07:17:31,226,1,61,0,0,Hang
260807001,CR2_MRM,2026-08-07 07:17:31,2026-08-07 07:17:32,1,1,60,0,0,Hang
260807001,CR2_MRM,2026-08-07 07:17:32,2026-08-07 07:21:06,214,1,59,1,0,Good
260807001,CR2_MRM,2026-08-07 07:21:06,2026-08-07 07:21:07,1,1,58,1,0,Good
260807001,CR2_MRM,2026-08-07 07:21:07,2026-08-07 07:21:10,3,1,57,2,0,Good
260807001,CR2_MRM,2026-08-07 07:21:10,2026-08-07 07:21:11,1,1,56,2,0,Good
260807001,CR2_MRM,2026-08-07 07:21:11,2026-08-07 07:22:10,59,1,55,1,0,Good
260807001,CR2_MRM,2026-08-07 07:22:10,2026-08-07 07:22:11,1,1,54,1,0,Good
260807001,CR2_MRM,2026-08-07 07:22:11,2026-08-07 07:25:12,181,1,53,2,0,Queue
260807001,CR2_MRM,2026-08-07 07:25:12,2026-08-07 07:25:13,1,1,52,2,0,Good
260807001,CR2_MRM,2026-08-07 07:25:13,2026-08-07 07:25:40,27,1,51,1,0,Good
260807001,CR2_MRM,2026-08-07 07:25:40,2026-08-07 07:25:41,1,1,50,1,0,Good
260807001,CR2_MRM,2026-08-07 07:25:41,2026-08-07 07:26:00,19,1,49,2,0,Good
260807001,CR2_MRM,2026-08-07 07:26:00,2026-08-07 07:26:01,1,1,48,2,0,Good
260807001,CR2_MRM,2026-08-07 07:26:01,2026-08-07 07:26:52,51,1,47,1,0,Good
260807001,CR2_MRM,2026-08-07 07:26:52,2026-08-07 07:26:53,1,1,46,1,0,Good
260807001,CR2_MRM,2026-08-07 07:26:53,2026-08-07 07:27:51,58,1,45,0,0,Hang
260807001,CR2_MRM,2026-08-07 07:27:51,2026-08-07 07:27:52,1,1,44,0,0,Hang
260807001,CR2_MRM,2026-08-07 07:27:52,2026-08-07 07:31:39,227,1,43,1,0,Good
260807001,CR2_MRM,2026-08-07 07:31:39,2026-08-07 07:31:40,1,1,42,1,0,Good
260807001,CR2_MRM,2026-08-07 07:31:40,2026-08-07 07:32:04,24,1,41,0,0,Hang
260807001,CR2_MRM,2026-08-07 07:32:04,2026-08-07 07:32:05,1,1,40,0,0,Hang
260807001,CR2_MRM,2026-08-07 07:32:05,2026-08-07 07:32:48,43,1,39,1,0,Good
260807001,CR2_MRM,2026-08-07 07:32:48,2026-08-07 07:32:49,1,1,38,1,0,Good
260807001,CR2_MRM,2026-08-07 07:32:49,2026-08-07 07:33:00,11,1,37,2,0,Good
260807001,CR2_MRM,2026-08-07 07:33:00,2026-08-07 07:33:01,1,1,36,2,0,Good
260807001,CR2_MRM,2026-08-07 07:33:01,2026-08-07 07:33:35,34,1,35,3,1,Queue
260807001,CR2_MRM,2026-08-07 07:33:35,2026-08-07 07:33:36,1,1,34,3,1,Queue
260807001,CR2_MRM,2026-08-07 07:33:36,2026-08-07 07:34:08,32,1,33,2,0,Good
260807001,CR2_MRM,2026-08-07 07:34:08,2026-08-07 07:34:09,1,1,32,2,0,Good
260807001,CR2_MRM,2026-08-07 07:34:09,2026-08-07 07:34:33,24,1,31,1,0,Good
260807001,CR2_MRM,2026-08-07 07:34:33,2026-08-07 07:34:34,1,1,30,1,0,Good
260807001,CR2_MRM,2026-08-07 07:34:34,2026-08-07 07:35:08,34,1,29,0,0,Hang
260807001,CR2_MRM,2026-08-07 07:35:08,2026-08-07 07:35:09,1,1,28,0,0,Hang
260807001,CR2_MRM,2026-08-07 07:35:09,2026-08-07 07:36:14,65,1,27,1,0,Good
260807001,CR2_MRM,2026-08-07 07:36:14,2026-08-07 07:36:15,1,1,26,1,0,Good
260807001,CR2_MRM,2026-08-07 07:36:15,2026-08-07 07:41:17,302,1,25,0,0,Hang
260807001,CR2_MRM,2026-08-07 07:41:17,2026-08-07 07:41:18,1,1,24,0,0,Hang
260807001,CR2_MRM,2026-08-07 07:41:18,2026-08-07 07:42:09,51,1,23,1,0,Good
260807001,CR2_MRM,2026-08-07 07:42:09,2026-08-07 07:42:10,1,1,22,1,0,Good
260807001,CR2_MRM,2026-08-07 07:42:10,2026-08-07 07:42:17,7,1,21,2,0,Good
260807001,CR2_MRM,2026-08-07 07:42:17,2026-08-07 07:42:18,1,1,20,2,0,Good
260807001,CR2_MRM,2026-08-07 07:42:18,2026-08-07 07:43:22,64,1,19,1,0,Good
260807001,CR2_MRM,2026-08-07 07:43:22,2026-08-07 07:43:23,1,1,18,1,0,Good
260807001,CR2_MRM,2026-08-07 07:43:23,2026-08-07 07:44:45,82,1,17,0,0,Hang
260807001,CR2_MRM,2026-08-07 07:44:45,2026-08-07 07:44:46,1,1,16,0,0,Hang
260807001,CR2_MRM,2026-08-07 07:44:46,2026-08-07 07:46:20,94,1,15,1,0,Good
260807001,CR2_MRM,2026-08-07 07:46:20,2026-08-07 07:46:21,1,1,14,1,0,Good
260807001,CR2_MRM,2026-08-07 07:46:21,2026-08-07 07:46:37,16,1,13,2,0,Good
260807001,CR2_MRM,2026-08-07 07:46:37,2026-08-07 07:46:38,1,1,12,2,0,Good
260807001,CR2_MRM,2026-08-07 07:46:38,2026-08-07 07:47:26,48,1,11,3,1,Queue
260807001,CR2_MRM,2026-08-07 07:47:26,2026-08-07 07:47:27,1,1,10,3,1,Queue
260807001,CR2_MRM,2026-08-07 07:47:27,2026-08-07 07:47:42,15,1,9,2,0,Good
260807001,CR2_MRM,2026-08-07 07:47:42,2026-08-07 07:47:43,1,1,8,2,0,Good
260807001,CR2_MRM,2026-08-07 07:47:43,2026-08-07 07:49:01,78,1,7,3,1,Queue
260807001,CR2_MRM,2026-08-07 07:49:01,2026-08-07 07:49:02,1,1,6,3,1,Queue
260807001,CR2_MRM,2026-08-07 07:49:02,2026-08-07 07:49:33,31,1,5,2,0,Good
260807001,CR2_MRM,2026-08-07 07:49:33,2026-08-07 07:49:34,1,1,4,2,0,Good
260807001,CR2_MRM,2026-08-07 07:49:34,2026-08-07 07:50:29,55,1,3,1,0,Good
260807001,CR2_MRM,2026-08-07 07:50:29,2026-08-07 07:50:30,1,1,2,1,0,Good
260807001,CR2_MRM,2026-08-07 07:50:30,,,1,1,0,0,Hang
260807001,DU_BORROW4_TILL,2026-08-07 06:00:00,,,0,1,0,0,Hang
260807001,DU_CADILLAC_HD_561,2026-08-07 06:00:00,2026-08-07 06:00:11,11,0,57,0,0,Hang
260807001,DU_CADILLAC_HD_561,2026-08-07 06:00:11,2026-08-07 06:00:12,1,0,56,0,0,Hang
260807001,DU_CADILLAC_HD_561,2026-08-07 06:00:12,2026-08-07 06:00:39,27,0,55,1,0,Good
260807001,DU_CADILLAC_HD_561,2026-08-07 06:00:39,2026-08-07 06:00:40,1,0,54,1,0,Good
260807001,DU_CADILLAC_HD_561,2026-08-07 06:00:40,2026-08-07 06:03:05,145,0,53,0,0,Hang
260807001,DU_CADILLAC_HD_561,2026-08-07 06:03:05,2026-08-07 06:03:06,1,0,52,0,0,Hang
260807001,DU_CADILLAC_HD_561,2026-08-07 06:03:06,2026-08-07 06:03:35,29,0,51,1,0,Good
260807001,DU_CADILLAC_HD_561,2026-08-07 06:03:35,2026-08-07 06:03:36,1,0,50,1,0,Good
260807001,DU_CADILLAC_HD_561,2026-08-07 06:03:36,2026-08-07 06:27:38,1442,0,49,0,0,Hang
260807001,DU_CADILLAC_HD_561,2026-08-07 06:27:38,2026-08-07 06:27:39,1,0,48,0,0,Hang
260807001,DU_CADILLAC_HD_561,2026-08-07 06:27:39,2026-08-07 06:28:04,25,0,47,1,0,Good
260807001,DU_CADILLAC_HD_561,2026-08-07 06:28:04,2026-08-07 06:28:05,1,0,46,1,0,Good
260807001,DU_CADILLAC_HD_561,2026-08-07 06:28:05,2026-08-07 06:37:57,592,0,45,0,0,Hang
260807001,DU_CADILLAC_HD_561,2026-08-07 06:37:57,2026-08-07 06:37:58,1,0,44,0,0,Hang
260807001,DU_CADILLAC_HD_561,2026-08-07 06:37:58,2026-08-07 06:38:29,31,0,43,1,0,Good
260807001,DU_CADILLAC_HD_561,2026-08-07 06:38:29,2026-08-07 06:38:30,1,0,42,1,0,Good
260807001,DU_CADILLAC_HD_561,2026-08-07 06:38:30,2026-08-07 06:50:20,710,0,41,0,0,Hang
260807001,DU_CADILLAC_HD_561,2026-08-07 06:50:20,2026-08-07 06:50:21,1,0,40,0,0,Hang
260807001,DU_CADILLAC_HD_561,2026-08-07 06:50:21,2026-08-07 06:50:21,0,0,39,1,0,Good
260807001,DU_CADILLAC_HD_561,2026-08-07 06:50:21,2026-08-07 06:50:22,1,0,38,1,0,Good
260807001,DU_CADILLAC_HD_561,2026-08-07 06:50:22,2026-08-07 06:55:10,288,0,37,0,0,Hang
260807001,DU_CADILLAC_HD_561,2026-08-07 06:55:10,2026-08-07 06:55:11,1,0,36,0,0,Hang
260807001,DU_CADILLAC_HD_561,2026-08-07 06:55:11,2026-08-07 06:55:38,27,0,35,1,0,Good
260807001,DU_CADILLAC_HD_561,2026-08-07 06:55:38,2026-08-07 06:55:39,1,0,34,1,0,Good
260807001,DU_CADILLAC_HD_561,2026-08-07 06:55:39,2026-08-07 06:56:06,27,0,33,2,1,Good
260807001,DU_CADILLAC_HD_561,2026-08-07 06:56:06,2026-08-07 06:56:07,1,0,32,2,1,Good
260807001,DU_CADILLAC_HD_561,2026-08-07 06:56:07,2026-08-07 06:58:16,129,0,31,1,0,Good
260807001,DU_CADILLAC_HD_561,2026-08-07 06:58:16,2026-08-07 06:58:17,1,0,30,1,0,Good
260807001,DU_CADILLAC_HD_561,2026-08-07 06:58:17,2026-08-07 07:02:55,278,0,29,0,0,Hang
260807001,DU_CADILLAC_HD_561,2026-08-07 07:02:55,2026-08-07 07:02:56,1,1,28,0,0,Hang
260807001,DU_CADILLAC_HD_561,2026-08-07 07:02:56,2026-08-07 07:04:36,100,1,27,1,0,Good
260807001,DU_CADILLAC_HD_561,2026-08-07 07:04:36,2026-08-07 07:04:37,1,1,26,1,0,Good
260807001,DU_CADILLAC_HD_561,2026-08-07 07:04:37,2026-08-07 07:08:25,228,1,25,0,0,Hang
260807001,DU_CADILLAC_HD_561,2026-08-07 07:08:25,2026-08-07 07:08:26,1,1,24,0,0,Hang
260807001,DU_CADILLAC_HD_561,2026-08-07 07:08:26,2026-08-07 07:08:29,3,1,23,1,0,Good
260807001,DU_CADILLAC_HD_561,2026-08-07 07:08:29,2026-08-07 07:08:30,1,1,22,1,0,Good
260807001,DU_CADILLAC_HD_561,2026-08-07 07:08:30,2026-08-07 07:12:58,268,1,21,0,0,Hang
260807001,DU_CADILLAC_HD_561,2026-08-07 07:12:58,2026-08-07 07:12:59,1,1,20,0,0,Hang
260807001,DU_CADILLAC_HD_561,2026-08-07 07:12:59,2026-08-07 07:13:40,41,1,19,1,0,Good
260807001,DU_CADILLAC_HD_561,2026-08-07 07:13:40,2026-08-07 07:13:41,1,1,18,1,0,Good
260807001,DU_CADILLAC_HD_561,2026-08-07 07:13:41,2026-08-07 07:15:55,134,1,17,0,0,Hang
260807001,DU_CADILLAC_HD_561,2026-08-07 07:15:55,2026-08-07 07:15:56,1,1,16,0,0,Hang
260807001,DU_CADILLAC_HD_561,2026-08-07 07:15:56,2026-08-07 07:16:19,23,1,15,1,0,Good
260807001,DU_CADILLAC_HD_561,2026-08-07 07:16:19,2026-08-07 07:16:20,1,1,14,1,0,Good
260807001,DU_CADILLAC_HD_561,2026-08-07 07:16:20,2026-08-07 07:21:06,286,1,13,0,0,Hang
260807001,DU_CADILLAC_HD_561,2026-08-07 07:21:06,2026-08-07 07:21:07,1,1,12,0,0,Hang
260807001,DU_CADILLAC_HD_561,2026-08-07 07:21:07,2026-08-07 07:21:07,0,1,11,1,0,Good
260807001,DU_CADILLAC_HD_561,2026-08-07 07:21:07,2026-08-07 07:21:08,1,1,10,1,0,Good
260807001,DU_CADILLAC_HD_561,2026-08-07 07:21:08,2026-08-07 07:38:47,1059,1,9,0,0,Hang
260807001,DU_CADILLAC_HD_561,2026-08-07 07:38:47,2026-08-07 07:38:48,1,1,8,0,0,Hang
260807001,DU_CADILLAC_HD_561,2026-08-07 07:38:48,2026-08-07 07:39:24,36,1,7,1,0,Good
260807001,DU_CADILLAC_HD_561,2026-08-07 07:39:24,2026-08-07 07:39:25,1,1,6,1,0,Good
260807001,DU_CADILLAC_HD_561,2026-08-07 07:39:25,2026-08-07 07:42:50,205,1,5,0,0,Hang
260807001,DU_CADILLAC_HD_561,2026-08-07 07:42:50,2026-08-07 07:42:51,1,1,4,0,0,Hang
260807001,DU_CADILLAC_HD_561,2026-08-07 07:42:51,2026-08-07 07:43:04,13,1,3,1,0,Good
260807001,DU_CADILLAC_HD_561,2026-08-07 07:43:04,2026-08-07 07:43:05,1,1,2,1,0,Good
260807001,DU_CADILLAC_HD_561,2026-08-07 07:43:05,,,1,1,0,0,Hang
260807001,DU_CADILLAC_HD_PAD,2026-08-07 06:00:00,,,0,1,0,0,Hang
260807001,DU_D7_BERM,2026-08-07 06:00:00,,,0,1,0,0,Hang
260807001,DU_DUMP4_PADDING_554,2026-08-07 06:00:00,,,0,1,0,0,Hang
260807001,DU_DUMP4W_SLOP,2026-08-07 06:00:00,,,0,1,0,0,Hang
260807001,DU_GEN_REPAIR,2026-08-07 06:00:00,,,0,1,0,0,Hang
260807001,DU_HWY6_547,2026-08-07 06:00:00,,,0,1,0,0,Hang
260807001,DU_IPC1_FLARESTACK_547,2026-08-07 06:00:00,,,0,1,0,0,Hang
260807001,DU_IPC1_LAYDOWN_542,2026-08-07 06:00:00,,,0,1,0,0,Hang
260807001,DU_IPC6_THOMPSON,2026-08-07 06:00:00,,,0,1,0,0,Hang
260807001,DU_LAVRAMP_542,2026-08-07 06:00:00,,,0,1,0,0,Hang
260807001,DU_NEW_PAD_553,2026-08-07 06:00:00,,,0,1,0,0,Hang
260807001,DU_PRJ_MRM,2026-08-07 06:00:00,,,0,1,0,0,Hang
260807001,DU_REJECTS_RMP,2026-08-07 06:00:00,,,0,1,0,0,Hang
260807001,DU_S010_PIT,2026-08-07 06:00:00,,,0,1,0,0,Hang
260807001,DU_SEEPAGE_09PIT,2026-08-07 06:00:00,,,0,1,0,0,Hang
260807001,DU_SKB_D1_SIERRA_547,2026-08-07 06:00:00,,,0,1,0,0,Hang
260807001,DU_SKB_YUKON_HD_523,2026-08-07 06:00:00,,,0,1,0,0,Hang
260807001,DU_SKB_YUKON_HD_PAD,2026-08-07 06:00:00,,,0,1,0,0,Hang
260807001,DY_1_PRJ_TAILINGS,2026-08-07 06:00:00,,,0,1,0,0,Hang
260807001,DY_D4_GF_559,2026-08-07 06:00:00,,,0,1,0,0,Hang
260807001,DY_D4_SEEPAGE_556,2026-08-07 06:00:00,,,0,1,0,0,Hang
260807001,DY_DY7_DS_SHELL_540,2026-08-07 06:00:00,2026-08-07 06:03:57,237,0,25,0,0,Hang
260807001,DY_DY7_DS_SHELL_540,2026-08-07 06:03:57,2026-08-07 06:03:58,1,0,24,0,0,Hang
260807001,DY_DY7_DS_SHELL_540,2026-08-07 06:03:58,2026-08-07 06:04:34,36,0,23,1,0,Good
260807001,DY_DY7_DS_SHELL_540,2026-08-07 06:04:34,2026-08-07 06:04:35,1,0,22,1,0,Good
260807001,DY_DY7_DS_SHELL_540,2026-08-07 06:04:35,2026-08-07 06:08:55,260,0,21,0,0,Hang
260807001,DY_DY7_DS_SHELL_540,2026-08-07 06:08:55,2026-08-07 06:08:56,1,0,20,0,0,Hang
260807001,DY_DY7_DS_SHELL_540,2026-08-07 06:08:56,2026-08-07 06:09:35,39,0,19,1,0,Good
260807001,DY_DY7_DS_SHELL_540,2026-08-07 06:09:35,2026-08-07 06:09:36,1,0,18,1,0,Good
260807001,DY_DY7_DS_SHELL_540,2026-08-07 06:09:36,2026-08-07 06:13:01,205,0,17,0,0,Hang
260807001,DY_DY7_DS_SHELL_540,2026-08-07 06:13:01,2026-08-07 06:13:02,1,0,16,0,0,Hang
260807001,DY_DY7_DS_SHELL_540,2026-08-07 06:13:02,2026-08-07 06:13:40,38,0,15,1,0,Good
260807001,DY_DY7_DS_SHELL_540,2026-08-07 06:13:40,2026-08-07 06:13:41,1,0,14,1,0,Good
260807001,DY_DY7_DS_SHELL_540,2026-08-07 06:13:41,2026-08-07 06:19:24,343,0,13,0,0,Hang
260807001,DY_DY7_DS_SHELL_540,2026-08-07 06:19:24,2026-08-07 06:19:25,1,0,12,0,0,Hang
260807001,DY_DY7_DS_SHELL_540,2026-08-07 06:19:25,2026-08-07 06:19:57,32,0,11,1,0,Good
260807001,DY_DY7_DS_SHELL_540,2026-08-07 06:19:57,2026-08-07 06:19:58,1,0,10,1,0,Good
260807001,DY_DY7_DS_SHELL_540,2026-08-07 06:19:58,2026-08-07 06:21:01,63,0,9,0,0,Hang
260807001,DY_DY7_DS_SHELL_540,2026-08-07 06:21:01,2026-08-07 06:21:02,1,0,8,0,0,Hang
260807001,DY_DY7_DS_SHELL_540,2026-08-07 06:21:02,2026-08-07 06:22:03,61,0,7,1,0,Good
260807001,DY_DY7_DS_SHELL_540,2026-08-07 06:22:03,2026-08-07 06:22:04,1,0,6,1,0,Good
260807001,DY_DY7_DS_SHELL_540,2026-08-07 06:22:04,2026-08-07 06:31:51,587,0,5,0,0,Hang
260807001,DY_DY7_DS_SHELL_540,2026-08-07 06:31:51,2026-08-07 06:31:52,1,0,4,0,0,Hang
260807001,DY_DY7_DS_SHELL_540,2026-08-07 06:31:52,2026-08-07 06:32:27,35,0,3,1,0,Good
260807001,DY_DY7_DS_SHELL_540,2026-08-07 06:32:27,2026-08-07 06:32:28,1,0,2,1,0,Good
260807001,DY_DY7_DS_SHELL_540,2026-08-07 06:32:28,,,0,1,0,0,Hang
260807001,DY_DY7_SANDCHIMNEY_4008,2026-08-07 06:00:00,,,0,1,0,0,Hang
260807001,DY_IPD7_DS_SHELL_539,2026-08-07 06:00:00,,,0,1,0,0,Hang
260807001,DY_IPD7_DSGF_530,2026-08-07 06:00:00,,,0,1,0,0,Hang
260807001,DY_IPD7_US_CORE_555,2026-08-07 06:00:00,2026-08-07 06:17:44,1064,0,37,0,0,Hang
260807001,DY_IPD7_US_CORE_555,2026-08-07 06:17:44,2026-08-07 06:17:45,1,0,36,0,0,Hang
260807001,DY_IPD7_US_CORE_555,2026-08-07 06:17:45,2026-08-07 06:18:53,68,0,35,1,0,Good
260807001,DY_IPD7_US_CORE_555,2026-08-07 06:18:53,2026-08-07 06:18:54,1,0,34,1,0,Good
260807001,DY_IPD7_US_CORE_555,2026-08-07 06:18:54,2026-08-07 06:43:21,1467,0,33,0,0,Hang
260807001,DY_IPD7_US_CORE_555,2026-08-07 06:43:21,2026-08-07 06:43:22,1,0,32,0,0,Hang
260807001,DY_IPD7_US_CORE_555,2026-08-07 06:43:22,2026-08-07 06:44:01,39,0,31,1,0,Good
260807001,DY_IPD7_US_CORE_555,2026-08-07 06:44:01,2026-08-07 06:44:02,1,0,30,1,0,Good
260807001,DY_IPD7_US_CORE_555,2026-08-07 06:44:02,2026-08-07 06:46:31,149,0,29,0,0,Hang
260807001,DY_IPD7_US_CORE_555,2026-08-07 06:46:31,2026-08-07 06:46:32,1,0,28,0,0,Hang
260807001,DY_IPD7_US_CORE_555,2026-08-07 06:46:32,2026-08-07 06:47:22,50,0,27,1,0,Good
260807001,DY_IPD7_US_CORE_555,2026-08-07 06:47:22,2026-08-07 06:47:23,1,0,26,1,0,Good
260807001,DY_IPD7_US_CORE_555,2026-08-07 06:47:23,2026-08-07 06:54:29,426,0,25,0,0,Hang
260807001,DY_IPD7_US_CORE_555,2026-08-07 06:54:29,2026-08-07 06:54:30,1,0,24,0,0,Hang
260807001,DY_IPD7_US_CORE_555,2026-08-07 06:54:30,2026-08-07 06:55:07,37,0,23,1,0,Good
260807001,DY_IPD7_US_CORE_555,2026-08-07 06:55:07,2026-08-07 06:55:08,1,0,22,1,0,Good
260807001,DY_IPD7_US_CORE_555,2026-08-07 06:55:08,2026-08-07 06:58:37,209,0,21,0,0,Hang
260807001,DY_IPD7_US_CORE_555,2026-08-07 06:58:37,2026-08-07 06:58:38,1,0,20,0,0,Hang
260807001,DY_IPD7_US_CORE_555,2026-08-07 06:58:38,2026-08-07 06:59:17,39,0,19,1,0,Good
260807001,DY_IPD7_US_CORE_555,2026-08-07 06:59:17,2026-08-07 06:59:18,1,0,18,1,0,Good
260807001,DY_IPD7_US_CORE_555,2026-08-07 06:59:18,2026-08-07 07:07:40,502,0,17,0,0,Hang
260807001,DY_IPD7_US_CORE_555,2026-08-07 07:07:40,2026-08-07 07:07:41,1,1,16,0,0,Hang
260807001,DY_IPD7_US_CORE_555,2026-08-07 07:07:41,2026-08-07 07:08:20,39,1,15,1,0,Good
260807001,DY_IPD7_US_CORE_555,2026-08-07 07:08:20,2026-08-07 07:08:21,1,1,14,1,0,Good
260807001,DY_IPD7_US_CORE_555,2026-08-07 07:08:21,2026-08-07 07:10:19,118,1,13,0,0,Hang
260807001,DY_IPD7_US_CORE_555,2026-08-07 07:10:19,2026-08-07 07:10:20,1,1,12,0,0,Hang
260807001,DY_IPD7_US_CORE_555,2026-08-07 07:10:20,2026-08-07 07:11:18,58,1,11,1,0,Good
260807001,DY_IPD7_US_CORE_555,2026-08-07 07:11:18,2026-08-07 07:11:19,1,1,10,1,0,Good
260807001,DY_IPD7_US_CORE_555,2026-08-07 07:11:19,2026-08-07 07:37:58,1599,1,9,0,0,Hang
260807001,DY_IPD7_US_CORE_555,2026-08-07 07:37:58,2026-08-07 07:37:59,1,1,8,0,0,Hang
260807001,DY_IPD7_US_CORE_555,2026-08-07 07:37:59,2026-08-07 07:38:47,48,1,7,1,0,Good
260807001,DY_IPD7_US_CORE_555,2026-08-07 07:38:47,2026-08-07 07:38:48,1,1,6,1,0,Good
260807001,DY_IPD7_US_CORE_555,2026-08-07 07:38:48,2026-08-07 07:40:06,78,1,5,0,0,Hang
260807001,DY_IPD7_US_CORE_555,2026-08-07 07:40:06,2026-08-07 07:40:07,1,1,4,0,0,Hang
260807001,DY_IPD7_US_CORE_555,2026-08-07 07:40:07,2026-08-07 07:40:37,30,1,3,1,0,Good
260807001,DY_IPD7_US_CORE_555,2026-08-07 07:40:37,2026-08-07 07:40:38,1,1,2,1,0,Good
260807001,DY_IPD7_US_CORE_555,2026-08-07 07:40:38,,,1,1,0,0,Hang
260807001,DY_IPD7_US_SHELL_539,2026-08-07 06:00:00,,,0,1,0,0,Hang
260807001,DY_PD4_CORE_4008,2026-08-07 06:00:00,,,0,1,0,0,Hang
260807001,DY_PD6_CORE_540,2026-08-07 06:00:00,,,0,1,0,0,Hang
260807001,IN_12PIT,2026-08-07 06:00:00,,,0,1,0,0,Hang
260807001,IN_PRJ_JPM,2026-08-07 06:00:00,,,0,1,0,0,Hang
260807001,IN_PRJ_MRM,2026-08-07 06:00:00,,,0,1,0,0,Hang
260807001,IN_ROADS_11_PIT,2026-08-07 06:00:00,2026-08-07 06:02:06,126,0,37,0,0,Hang
260807001,IN_ROADS_11_PIT,2026-08-07 06:02:06,2026-08-07 06:02:07,1,0,36,0,0,Hang
260807001,IN_ROADS_11_PIT,2026-08-07 06:02:07,2026-08-07 06:02:46,39,0,35,1,0,Good
260807001,IN_ROADS_11_PIT,2026-08-07 06:02:46,2026-08-07 06:02:47,1,0,34,1,0,Good
260807001,IN_ROADS_11_PIT,2026-08-07 06:02:47,2026-08-07 06:09:16,389,0,33,0,0,Hang
260807001,IN_ROADS_11_PIT,2026-08-07 06:09:16,2026-08-07 06:09:17,1,0,32,0,0,Hang
260807001,IN_ROADS_11_PIT,2026-08-07 06:09:17,2026-08-07 06:09:54,37,0,31,1,0,Good
260807001,IN_ROADS_11_PIT,2026-08-07 06:09:54,2026-08-07 06:09:55,1,0,30,1,0,Good
260807001,IN_ROADS_11_PIT,2026-08-07 06:09:55,2026-08-07 06:23:44,829,0,29,0,0,Hang
260807001,IN_ROADS_11_PIT,2026-08-07 06:23:44,2026-08-07 06:23:45,1,0,28,0,0,Hang
260807001,IN_ROADS_11_PIT,2026-08-07 06:23:45,2026-08-07 06:24:16,31,0,27,1,0,Good
260807001,IN_ROADS_11_PIT,2026-08-07 06:24:16,2026-08-07 06:24:17,1,0,26,1,0,Good
260807001,IN_ROADS_11_PIT,2026-08-07 06:24:17,2026-08-07 06:32:50,513,0,25,0,0,Hang
260807001,IN_ROADS_11_PIT,2026-08-07 06:32:50,2026-08-07 06:32:51,1,0,24,0,0,Hang
260807001,IN_ROADS_11_PIT,2026-08-07 06:32:51,2026-08-07 06:33:33,42,0,23,1,0,Good
260807001,IN_ROADS_11_PIT,2026-08-07 06:33:33,2026-08-07 06:33:34,1,0,22,1,0,Good
260807001,IN_ROADS_11_PIT,2026-08-07 06:33:34,2026-08-07 06:43:42,608,0,21,0,0,Hang
260807001,IN_ROADS_11_PIT,2026-08-07 06:43:42,2026-08-07 06:43:43,1,0,20,0,0,Hang
260807001,IN_ROADS_11_PIT,2026-08-07 06:43:43,2026-08-07 06:44:22,39,0,19,1,0,Good
260807001,IN_ROADS_11_PIT,2026-08-07 06:44:22,2026-08-07 06:44:23,1,0,18,1,0,Good
260807001,IN_ROADS_11_PIT,2026-08-07 06:44:23,2026-08-07 06:54:46,623,0,17,0,0,Hang
260807001,IN_ROADS_11_PIT,2026-08-07 06:54:46,2026-08-07 06:54:47,1,0,16,0,0,Hang
260807001,IN_ROADS_11_PIT,2026-08-07 06:54:47,2026-08-07 06:58:45,238,0,15,1,0,Good
260807001,IN_ROADS_11_PIT,2026-08-07 06:58:45,2026-08-07 06:58:46,1,0,14,1,0,Good
260807001,IN_ROADS_11_PIT,2026-08-07 06:58:46,2026-08-07 07:08:20,574,0,13,0,0,Hang
260807001,IN_ROADS_11_PIT,2026-08-07 07:08:20,2026-08-07 07:08:21,1,1,12,0,0,Hang
260807001,IN_ROADS_11_PIT,2026-08-07 07:08:21,2026-08-07 07:08:47,26,1,11,1,0,Good
260807001,IN_ROADS_11_PIT,2026-08-07 07:08:47,2026-08-07 07:08:48,1,1,10,1,0,Good
260807001,IN_ROADS_11_PIT,2026-08-07 07:08:48,2026-08-07 07:16:30,462,1,9,0,0,Hang
260807001,IN_ROADS_11_PIT,2026-08-07 07:16:30,2026-08-07 07:16:31,1,1,8,0,0,Hang
260807001,IN_ROADS_11_PIT,2026-08-07 07:16:31,2026-08-07 07:17:05,34,1,7,1,0,Good
260807001,IN_ROADS_11_PIT,2026-08-07 07:17:05,2026-08-07 07:17:06,1,1,6,1,0,Good
260807001,IN_ROADS_11_PIT,2026-08-07 07:17:06,2026-08-07 07:36:02,1136,1,5,0,0,Hang
260807001,IN_ROADS_11_PIT,2026-08-07 07:36:02,2026-08-07 07:36:03,1,1,4,0,0,Hang
260807001,IN_ROADS_11_PIT,2026-08-07 07:36:03,2026-08-07 07:36:50,47,1,3,1,0,Good
260807001,IN_ROADS_11_PIT,2026-08-07 07:36:50,2026-08-07 07:36:51,1,1,2,1,0,Good
260807001,IN_ROADS_11_PIT,2026-08-07 07:36:51,,,1,1,0,0,Hang
260807001,IN_ROADS_14PIT,2026-08-07 06:00:00,2026-08-07 06:22:26,1346,0,17,0,0,Hang
260807001,IN_ROADS_14PIT,2026-08-07 06:22:26,2026-08-07 06:22:27,1,0,16,0,0,Hang
260807001,IN_ROADS_14PIT,2026-08-07 06:22:27,2026-08-07 06:33:50,683,0,15,1,0,Good
260807001,IN_ROADS_14PIT,2026-08-07 06:33:50,2026-08-07 06:33:51,1,0,14,1,0,Good
260807001,IN_ROADS_14PIT,2026-08-07 06:33:51,2026-08-07 06:34:20,29,0,13,2,1,Good
260807001,IN_ROADS_14PIT,2026-08-07 06:34:20,2026-08-07 06:34:21,1,0,12,2,1,Good
260807001,IN_ROADS_14PIT,2026-08-07 06:34:21,2026-08-07 06:36:20,119,0,11,1,0,Good
260807001,IN_ROADS_14PIT,2026-08-07 06:36:20,2026-08-07 06:36:21,1,0,10,1,0,Good
260807001,IN_ROADS_14PIT,2026-08-07 06:36:21,2026-08-07 06:36:31,10,0,9,2,1,Good
260807001,IN_ROADS_14PIT,2026-08-07 06:36:31,2026-08-07 06:36:32,1,0,8,2,1,Good
260807001,IN_ROADS_14PIT,2026-08-07 06:36:32,2026-08-07 06:44:21,469,0,7,1,0,Good
260807001,IN_ROADS_14PIT,2026-08-07 06:44:21,2026-08-07 06:44:22,1,0,6,1,0,Good
260807001,IN_ROADS_14PIT,2026-08-07 06:44:22,2026-08-07 07:42:03,3461,0,5,0,0,Hang
260807001,IN_ROADS_14PIT,2026-08-07 07:42:03,2026-08-07 07:42:04,1,1,4,0,0,Hang
260807001,IN_ROADS_14PIT,2026-08-07 07:42:04,2026-08-07 07:42:41,37,1,3,1,0,Good
260807001,IN_ROADS_14PIT,2026-08-07 07:42:41,2026-08-07 07:42:42,1,1,2,1,0,Good
260807001,IN_ROADS_14PIT,2026-08-07 07:42:42,,,1,1,0,0,Hang
260807001,IN_ROADS_809_PIT,2026-08-07 06:00:00,2026-08-07 06:55:18,3318,0,5,0,0,Hang
260807001,IN_ROADS_809_PIT,2026-08-07 06:55:18,2026-08-07 06:55:19,1,0,4,0,0,Hang
260807001,IN_ROADS_809_PIT,2026-08-07 06:55:19,2026-08-07 06:56:30,71,0,3,1,0,Good
260807001,IN_ROADS_809_PIT,2026-08-07 06:56:30,2026-08-07 06:56:31,1,0,2,1,0,Good
260807001,IN_ROADS_809_PIT,2026-08-07 06:56:31,,,0,1,0,0,Hang
260807001,IN_ROADS_JPM,2026-08-07 06:00:00,,,0,1,0,0,Hang
260807001,IN_ROADS_MRM,2026-08-07 06:00:00,2026-08-07 06:09:55,595,0,21,0,0,Hang
260807001,IN_ROADS_MRM,2026-08-07 06:09:55,2026-08-07 06:09:56,1,0,20,0,0,Hang
260807001,IN_ROADS_MRM,2026-08-07 06:09:56,2026-08-07 06:10:21,25,0,19,1,0,Good
260807001,IN_ROADS_MRM,2026-08-07 06:10:21,2026-08-07 06:10:22,1,0,18,1,0,Good
260807001,IN_ROADS_MRM,2026-08-07 06:10:22,2026-08-07 06:25:31,909,0,17,0,0,Hang
260807001,IN_ROADS_MRM,2026-08-07 06:25:31,2026-08-07 06:25:32,1,0,16,0,0,Hang
260807001,IN_ROADS_MRM,2026-08-07 06:25:32,2026-08-07 06:27:33,121,0,15,1,0,Good
260807001,IN_ROADS_MRM,2026-08-07 06:27:33,2026-08-07 06:27:34,1,0,14,1,0,Good
260807001,IN_ROADS_MRM,2026-08-07 06:27:34,2026-08-07 07:18:53,3079,0,13,0,0,Hang
260807001,IN_ROADS_MRM,2026-08-07 07:18:53,2026-08-07 07:18:54,1,1,12,0,0,Hang
260807001,IN_ROADS_MRM,2026-08-07 07:18:54,2026-08-07 07:19:28,34,1,11,1,0,Good
260807001,IN_ROADS_MRM,2026-08-07 07:19:28,2026-08-07 07:19:29,1,1,10,1,0,Good
260807001,IN_ROADS_MRM,2026-08-07 07:19:29,2026-08-07 07:45:11,1542,1,9,0,0,Hang
260807001,IN_ROADS_MRM,2026-08-07 07:45:11,2026-08-07 07:45:12,1,1,8,0,0,Hang
260807001,IN_ROADS_MRM,2026-08-07 07:45:12,2026-08-07 07:46:01,49,1,7,1,0,Good
260807001,IN_ROADS_MRM,2026-08-07 07:46:01,2026-08-07 07:46:02,1,1,6,1,0,Good
260807001,IN_ROADS_MRM,2026-08-07 07:46:02,2026-08-07 07:46:21,19,1,5,0,0,Hang
260807001,IN_ROADS_MRM,2026-08-07 07:46:21,2026-08-07 07:46:22,1,1,4,0,0,Hang
260807001,IN_ROADS_MRM,2026-08-07 07:46:22,2026-08-07 07:47:01,39,1,3,1,0,Good
260807001,IN_ROADS_MRM,2026-08-07 07:47:01,2026-08-07 07:47:02,1,1,2,1,0,Good
260807001,IN_ROADS_MRM,2026-08-07 07:47:02,,,1,1,0,0,Hang
260807001,IN_ROADS_SAND_JPM,2026-08-07 06:00:00,,,0,1,0,0,Hang
260807001,IN_ROADS_SIERRA_551,2026-08-07 06:00:00,,,0,1,0,0,Hang
260807001,IN_TEST,2026-08-07 06:00:00,,,0,1,0,0,Hang
260807001,MRM-221F-S011,2026-08-07 06:07:43,2026-08-07 06:07:44,1,0,4,0,0,Hang
260807001,MRM-221F-S011,2026-08-07 06:07:44,2026-08-07 06:07:51,7,0,3,1,0,Good
260807001,MRM-221F-S011,2026-08-07 06:07:51,2026-08-07 06:07:52,1,0,2,1,0,Good
260807001,MRM-221F-S011,2026-08-07 06:07:52,,,0,1,0,0,Hang
260807001,SKB-252E-S810,2026-08-07 07:48:02,2026-08-07 07:48:03,1,1,4,0,0,Hang
260807001,SKB-252E-S810,2026-08-07 07:48:03,2026-08-07 07:48:50,47,1,3,1,0,Good
260807001,SKB-252E-S810,2026-08-07 07:48:50,2026-08-07 07:48:51,1,1,2,1,0,Good
260807001,SKB-252E-S810,2026-08-07 07:48:51,,,1,1,0,0,Hang
260807001,ST_CANTERRASTKPLE,2026-08-07 06:00:00,,,0,1,0,0,Hang
260807001,ST_CR_LIVEPILE,2026-08-07 06:11:15,2026-08-07 06:11:16,1,0,36,0,0,Hang
260807001,ST_CR_LIVEPILE,2026-08-07 06:11:16,2026-08-07 06:11:25,9,0,35,1,0,Good
260807001,ST_CR_LIVEPILE,2026-08-07 06:11:25,2026-08-07 06:11:26,1,0,34,1,0,Good
260807001,ST_CR_LIVEPILE,2026-08-07 06:11:26,2026-08-07 06:11:31,5,0,33,2,0,Good
260807001,ST_CR_LIVEPILE,2026-08-07 06:11:31,2026-08-07 06:11:32,1,0,32,2,0,Good
260807001,ST_CR_LIVEPILE,2026-08-07 06:11:32,2026-08-07 06:11:58,26,0,31,1,0,Good
260807001,ST_CR_LIVEPILE,2026-08-07 06:11:58,2026-08-07 06:11:59,1,0,30,1,0,Good
260807001,ST_CR_LIVEPILE,2026-08-07 06:11:59,2026-08-07 06:13:04,65,0,29,2,0,Good
260807001,ST_CR_LIVEPILE,2026-08-07 06:13:04,2026-08-07 06:13:05,1,0,28,2,0,Good
260807001,ST_CR_LIVEPILE,2026-08-07 06:13:05,2026-08-07 06:14:03,58,0,27,1,0,Good
260807001,ST_CR_LIVEPILE,2026-08-07 06:14:03,2026-08-07 06:14:04,1,0,26,1,0,Good
260807001,ST_CR_LIVEPILE,2026-08-07 06:14:04,2026-08-07 06:37:13,1389,0,25,0,0,Hang
260807001,ST_CR_LIVEPILE,2026-08-07 06:37:13,2026-08-07 06:37:14,1,0,24,0,0,Hang
260807001,ST_CR_LIVEPILE,2026-08-07 06:37:14,2026-08-07 06:38:01,47,0,23,1,0,Good
260807001,ST_CR_LIVEPILE,2026-08-07 06:38:01,2026-08-07 06:38:02,1,0,22,1,0,Good
260807001,ST_CR_LIVEPILE,2026-08-07 06:38:02,2026-08-07 06:39:36,94,0,21,0,0,Hang
260807001,ST_CR_LIVEPILE,2026-08-07 06:39:36,2026-08-07 06:39:37,1,0,20,0,0,Hang
260807001,ST_CR_LIVEPILE,2026-08-07 06:39:37,2026-08-07 06:39:49,12,0,19,1,0,Good
260807001,ST_CR_LIVEPILE,2026-08-07 06:39:49,2026-08-07 06:39:50,1,0,18,1,0,Good
260807001,ST_CR_LIVEPILE,2026-08-07 06:39:50,2026-08-07 06:43:16,206,0,17,0,0,Hang
260807001,ST_CR_LIVEPILE,2026-08-07 06:43:16,2026-08-07 06:43:17,1,0,16,0,0,Hang
260807001,ST_CR_LIVEPILE,2026-08-07 06:43:17,2026-08-07 06:44:37,80,0,15,1,0,Good
260807001,ST_CR_LIVEPILE,2026-08-07 06:44:37,2026-08-07 06:44:38,1,0,14,1,0,Good
260807001,ST_CR_LIVEPILE,2026-08-07 06:44:38,2026-08-07 07:28:55,2657,0,13,0,0,Hang
260807001,ST_CR_LIVEPILE,2026-08-07 07:28:55,2026-08-07 07:28:56,1,1,12,0,0,Hang
260807001,ST_CR_LIVEPILE,2026-08-07 07:28:56,2026-08-07 07:30:33,97,1,11,1,0,Good
260807001,ST_CR_LIVEPILE,2026-08-07 07:30:33,2026-08-07 07:30:34,1,1,10,1,0,Good
260807001,ST_CR_LIVEPILE,2026-08-07 07:30:34,2026-08-07 07:32:22,108,1,9,0,0,Hang
260807001,ST_CR_LIVEPILE,2026-08-07 07:32:22,2026-08-07 07:32:23,1,1,8,0,0,Hang
260807001,ST_CR_LIVEPILE,2026-08-07 07:32:23,2026-08-07 07:33:14,51,1,7,1,0,Good
260807001,ST_CR_LIVEPILE,2026-08-07 07:33:14,2026-08-07 07:33:15,1,1,6,1,0,Good
260807001,ST_CR_LIVEPILE,2026-08-07 07:33:15,2026-08-07 07:44:38,683,1,5,0,0,Hang
260807001,ST_CR_LIVEPILE,2026-08-07 07:44:38,2026-08-07 07:44:39,1,1,4,0,0,Hang
260807001,ST_CR_LIVEPILE,2026-08-07 07:44:39,2026-08-07 07:45:35,56,1,3,1,0,Good
260807001,ST_CR_LIVEPILE,2026-08-07 07:45:35,2026-08-07 07:45:36,1,1,2,1,0,Good
260807001,ST_CR_LIVEPILE,2026-08-07 07:45:36,,,1,1,0,0,Hang
260807001,ST_REJECTS_ALTERNATIVE,2026-08-07 06:00:00,,,0,1,0,0,Hang
260807001,ST_S010_JETRAMP,2026-08-07 06:00:00,,,0,1,0,0,Hang
260807001,ST_SIERRA_SAND_JPM,2026-08-07 06:00:00,,,0,1,0,0,Hang
260807001,ST_THUNDER_N,2026-08-07 07:44:57,2026-08-07 07:44:58,1,1,4,0,0,Hang
260807001,ST_THUNDER_N,2026-08-07 07:44:58,2026-08-07 07:46:01,63,1,3,1,0,Good
260807001,ST_THUNDER_N,2026-08-07 07:46:01,2026-08-07 07:46:02,1,1,2,1,0,Good
260807001,ST_THUNDER_N,2026-08-07 07:46:02,,,1,1,0,0,Hang
260807001,ST_VIPER_SAND,2026-08-07 06:17:30,2026-08-07 06:17:31,1,0,39,0,0,Hang
260807001,ST_VIPER_SAND,2026-08-07 06:17:31,2026-08-07 06:59:19,2508,0,37,-1,0,Queue
260807001,ST_VIPER_SAND,2026-08-07 06:17:31,2026-08-07 06:17:31,0,0,38,0,0,Hang
260807001,ST_VIPER_SAND,2026-08-07 06:59:19,2026-08-07 06:59:20,1,0,36,-1,0,Queue
260807001,ST_VIPER_SAND,2026-08-07 06:59:20,2026-08-07 07:00:13,53,0,35,0,0,Hang
260807001,ST_VIPER_SAND,2026-08-07 07:00:13,2026-08-07 07:00:14,1,1,34,0,0,Hang
260807001,ST_VIPER_SAND,2026-08-07 07:00:14,2026-08-07 07:05:00,286,1,33,-1,0,Queue
260807001,ST_VIPER_SAND,2026-08-07 07:05:00,2026-08-07 07:05:01,1,1,32,-1,0,Queue
260807001,ST_VIPER_SAND,2026-08-07 07:05:01,2026-08-07 07:05:28,27,1,31,0,0,Hang
260807001,ST_VIPER_SAND,2026-08-07 07:05:28,2026-08-07 07:05:29,1,1,30,0,0,Hang
260807001,ST_VIPER_SAND,2026-08-07 07:05:29,2026-08-07 07:11:37,368,1,29,-1,0,Queue
260807001,ST_VIPER_SAND,2026-08-07 07:11:37,2026-08-07 07:11:38,1,1,27,-1,0,Queue
260807001,ST_VIPER_SAND,2026-08-07 07:11:37,2026-08-07 07:11:37,0,1,28,0,0,Hang
260807001,ST_VIPER_SAND,2026-08-07 07:11:38,2026-08-07 07:16:06,268,1,25,-1,0,Queue
260807001,ST_VIPER_SAND,2026-08-07 07:11:38,2026-08-07 07:11:38,0,1,26,0,0,Hang
260807001,ST_VIPER_SAND,2026-08-07 07:16:06,2026-08-07 07:16:07,1,1,24,-1,0,Queue
260807001,ST_VIPER_SAND,2026-08-07 07:16:07,2026-08-07 07:17:24,77,1,23,0,0,Hang
260807001,ST_VIPER_SAND,2026-08-07 07:17:24,2026-08-07 07:17:25,1,1,22,0,0,Hang
260807001,ST_VIPER_SAND,2026-08-07 07:17:25,2026-08-07 07:23:18,353,1,21,-1,0,Queue
260807001,ST_VIPER_SAND,2026-08-07 07:23:18,2026-08-07 07:23:19,1,1,20,-1,0,Queue
260807001,ST_VIPER_SAND,2026-08-07 07:23:19,2026-08-07 07:23:58,39,1,19,0,0,Hang
260807001,ST_VIPER_SAND,2026-08-07 07:23:58,2026-08-07 07:23:59,1,1,18,0,0,Hang
260807001,ST_VIPER_SAND,2026-08-07 07:23:59,2026-08-07 07:41:45,1066,1,17,-1,0,Queue
260807001,ST_VIPER_SAND,2026-08-07 07:41:45,2026-08-07 07:41:46,1,1,16,-1,0,Queue
260807001,ST_VIPER_SAND,2026-08-07 07:41:46,2026-08-07 07:42:12,26,1,15,0,0,Hang
260807001,ST_VIPER_SAND,2026-08-07 07:42:12,2026-08-07 07:42:13,1,1,14,0,0,Hang
260807001,ST_VIPER_SAND,2026-08-07 07:42:13,2026-08-07 07:48:59,406,1,13,-1,0,Queue
260807001,ST_VIPER_SAND,2026-08-07 07:48:59,2026-08-07 07:49:00,1,1,12,-1,0,Queue
260807001,ST_VIPER_SAND,2026-08-07 07:49:00,2026-08-07 07:49:28,28,1,11,0,0,Hang
260807001,ST_VIPER_SAND,2026-08-07 07:49:28,2026-08-07 07:49:29,1,1,10,0,0,Hang
260807001,ST_VIPER_SAND,2026-08-07 07:49:29,2026-08-07 07:49:56,27,1,9,-1,0,Queue
260807001,ST_VIPER_SAND,2026-08-07 07:49:56,2026-08-07 07:49:57,1,1,8,-1,0,Queue
260807001,ST_VIPER_SAND,2026-08-07 07:49:57,2026-08-07 07:50:52,55,1,7,0,0,Hang
260807001,ST_VIPER_SAND,2026-08-07 07:50:52,2026-08-07 07:50:53,1,1,6,0,0,Hang
260807001,ST_VIPER_SAND,2026-08-07 07:50:53,2026-08-07 07:54:55,242,1,5,-1,0,Queue
260807001,ST_VIPER_SAND,2026-08-07 07:54:55,2026-08-07 07:54:56,1,1,4,-1,0,Queue
260807001,ST_VIPER_SAND,2026-08-07 07:54:56,2026-08-07 07:55:21,25,1,3,0,0,Hang
260807001,ST_VIPER_SAND,2026-08-07 07:55:21,2026-08-07 07:55:22,1,1,2,0,0,Hang
260807001,ST_VIPER_SAND,2026-08-07 07:55:22,,,1,1,-1,0,Queue

